ligand,receptor,
Tgfb1,TGFbR1_R2,Tgfb1_TGFbR1_R2
Tgfb2,TGFbR1_R2,Tgfb2_TGFbR1_R2
Tgfb3,TGFbR1_R2,Tgfb3_TGFbR1_R2
Tgfb1,ACVR1B_TGFbR2,Tgfb1_ACVR1B_TGFbR2
Tgfb1,ACVR1C_TGFbR2,Tgfb1_ACVR1C_TGFbR2
Tgfb2,ACVR1B_TGFbR2,Tgfb2_ACVR1B_TGFbR2
Tgfb2,ACVR1C_TGFbR2,Tgfb2_ACVR1C_TGFbR2
Tgfb3,ACVR1B_TGFbR2,Tgfb3_ACVR1B_TGFbR2
Tgfb3,ACVR1C_TGFbR2,Tgfb3_ACVR1C_TGFbR2
Tgfb1,ACVR1_TGFbR,Tgfb1_ACVR1_TGFbR
Tgfb2,ACVR1_TGFbR,Tgfb2_ACVR1_TGFbR
Tgfb3,ACVR1_TGFbR,Tgfb3_ACVR1_TGFbR
Bmp2,BMPR1A_ACVR2A,Bmp2_BMPR1A_ACVR2A
Bmp2,BMPR1A_ACVR2B,Bmp2_BMPR1A_ACVR2B
Bmp2,BMPR1A_BMPR2,Bmp2_BMPR1A_BMPR2
Bmp2,BMPR1B_ACVR2A,Bmp2_BMPR1B_ACVR2A
Bmp2,BMPR1B_ACVR2B,Bmp2_BMPR1B_ACVR2B
Bmp2,BMPR1B_BMPR2,Bmp2_BMPR1B_BMPR2
Bmp4,BMPR1A_ACVR2A,Bmp4_BMPR1A_ACVR2A
Bmp4,BMPR1A_ACVR2B,Bmp4_BMPR1A_ACVR2B
Bmp4,BMPR1A_BMPR2,Bmp4_BMPR1A_BMPR2
Bmp4,BMPR1B_ACVR2A,Bmp4_BMPR1B_ACVR2A
Bmp4,BMPR1B_ACVR2B,Bmp4_BMPR1B_ACVR2B
Bmp4,BMPR1B_BMPR2,Bmp4_BMPR1B_BMPR2
Gdf5,BMPR1A_ACVR2A,Gdf5_BMPR1A_ACVR2A
Gdf5,BMPR1A_ACVR2B,Gdf5_BMPR1A_ACVR2B
Gdf5,BMPR1A_BMPR2,Gdf5_BMPR1A_BMPR2
Gdf5,BMPR1B_ACVR2A,Gdf5_BMPR1B_ACVR2A
Gdf5,BMPR1B_ACVR2B,Gdf5_BMPR1B_ACVR2B
Gdf5,BMPR1B_BMPR2,Gdf5_BMPR1B_BMPR2
Gdf6,BMPR1A_ACVR2A,Gdf6_BMPR1A_ACVR2A
Gdf6,BMPR1A_ACVR2B,Gdf6_BMPR1A_ACVR2B
Gdf6,BMPR1A_BMPR2,Gdf6_BMPR1A_BMPR2
Gdf6,BMPR1B_ACVR2A,Gdf6_BMPR1B_ACVR2A
Gdf6,BMPR1B_ACVR2B,Gdf6_BMPR1B_ACVR2B
Gdf6,BMPR1B_BMPR2,Gdf6_BMPR1B_BMPR2
Gdf7,BMPR1A_ACVR2A,Gdf7_BMPR1A_ACVR2A
Gdf7,BMPR1A_ACVR2B,Gdf7_BMPR1A_ACVR2B
Gdf7,BMPR1A_BMPR2,Gdf7_BMPR1A_BMPR2
Gdf7,BMPR1B_ACVR2A,Gdf7_BMPR1B_ACVR2A
Gdf7,BMPR1B_ACVR2B,Gdf7_BMPR1B_ACVR2B
Gdf7,BMPR1B_BMPR2,Gdf7_BMPR1B_BMPR2
Bmp15,BMPR1B_BMPR2,Bmp15_BMPR1B_BMPR2
Bmp5,ACVR1_ACVR2A,Bmp5_ACVR1_ACVR2A
Bmp5,ACVR1_ACVR2B,Bmp5_ACVR1_ACVR2B
Bmp5,ACVR1_BMPR2,Bmp5_ACVR1_BMPR2
Bmp5,BMPR1A_ACVR2A,Bmp5_BMPR1A_ACVR2A
Bmp5,BMPR1A_ACVR2B,Bmp5_BMPR1A_ACVR2B
Bmp5,BMPR1A_BMPR2,Bmp5_BMPR1A_BMPR2
Bmp5,BMPR1B_ACVR2A,Bmp5_BMPR1B_ACVR2A
Bmp5,BMPR1B_ACVR2B,Bmp5_BMPR1B_ACVR2B
Bmp5,BMPR1B_BMPR2,Bmp5_BMPR1B_BMPR2
Bmp6,ACVR1_ACVR2A,Bmp6_ACVR1_ACVR2A
Bmp6,ACVR1_ACVR2B,Bmp6_ACVR1_ACVR2B
Bmp6,ACVR1_BMPR2,Bmp6_ACVR1_BMPR2
Bmp6,BMPR1A_ACVR2A,Bmp6_BMPR1A_ACVR2A
Bmp6,BMPR1A_ACVR2B,Bmp6_BMPR1A_ACVR2B
Bmp6,BMPR1A_BMPR2,Bmp6_BMPR1A_BMPR2
Bmp6,BMPR1B_ACVR2A,Bmp6_BMPR1B_ACVR2A
Bmp6,BMPR1B_ACVR2B,Bmp6_BMPR1B_ACVR2B
Bmp6,BMPR1B_BMPR2,Bmp6_BMPR1B_BMPR2
Bmp7,ACVR1_ACVR2A,Bmp7_ACVR1_ACVR2A
Bmp7,ACVR1_ACVR2B,Bmp7_ACVR1_ACVR2B
Bmp7,ACVR1_BMPR2,Bmp7_ACVR1_BMPR2
Bmp7,BMPR1A_ACVR2A,Bmp7_BMPR1A_ACVR2A
Bmp7,BMPR1A_ACVR2B,Bmp7_BMPR1A_ACVR2B
Bmp7,BMPR1A_BMPR2,Bmp7_BMPR1A_BMPR2
Bmp7,BMPR1B_ACVR2A,Bmp7_BMPR1B_ACVR2A
Bmp7,BMPR1B_ACVR2B,Bmp7_BMPR1B_ACVR2B
Bmp7,BMPR1B_BMPR2,Bmp7_BMPR1B_BMPR2
Bmp8a,ACVR1_ACVR2A,Bmp8a_ACVR1_ACVR2A
Bmp8a,ACVR1_ACVR2B,Bmp8a_ACVR1_ACVR2B
Bmp8a,ACVR1_BMPR2,Bmp8a_ACVR1_BMPR2
Bmp8a,BMPR1A_ACVR2A,Bmp8a_BMPR1A_ACVR2A
Bmp8a,BMPR1A_ACVR2B,Bmp8a_BMPR1A_ACVR2B
Bmp8a,BMPR1A_BMPR2,Bmp8a_BMPR1A_BMPR2
Bmp8a,BMPR1B_ACVR2A,Bmp8a_BMPR1B_ACVR2A
Bmp8a,BMPR1B_ACVR2B,Bmp8a_BMPR1B_ACVR2B
Bmp8a,BMPR1B_BMPR2,Bmp8a_BMPR1B_BMPR2
Bmp8b,ACVR1_ACVR2A,Bmp8b_ACVR1_ACVR2A
Bmp8b,ACVR1_ACVR2B,Bmp8b_ACVR1_ACVR2B
Bmp8b,ACVR1_BMPR2,Bmp8b_ACVR1_BMPR2
Bmp8b,BMPR1A_ACVR2A,Bmp8b_BMPR1A_ACVR2A
Bmp8b,BMPR1A_ACVR2B,Bmp8b_BMPR1A_ACVR2B
Bmp8b,BMPR1A_BMPR2,Bmp8b_BMPR1A_BMPR2
Bmp8b,BMPR1B_ACVR2A,Bmp8b_BMPR1B_ACVR2A
Bmp8b,BMPR1B_ACVR2B,Bmp8b_BMPR1B_ACVR2B
Bmp8b,BMPR1B_BMPR2,Bmp8b_BMPR1B_BMPR2
Bmp10,ACVRL1_BMPR2,Bmp10_ACVRL1_BMPR2
Bmp10,ACVRL1_ACVR2A,Bmp10_ACVRL1_ACVR2A
Gdf2,ACVRL1_BMPR2,Gdf2_ACVRL1_BMPR2
Gdf2,ACVRL1_ACVR2A,Gdf2_ACVRL1_ACVR2A
Gdf9,ACVR1B_BMPR2,Gdf9_ACVR1B_BMPR2
Gdf10,ACVR1B_ACVR2A,Gdf10_ACVR1B_ACVR2A
Gdf11,TGFBR1_ACVR2A,Gdf11_TGFBR1_ACVR2A
Gdf11,TGFBR1_ACVR2B,Gdf11_TGFBR1_ACVR2B
Gdf11,ACVR1B_ACVR2B,Gdf11_ACVR1B_ACVR2B
Gdf15,Tgfbr2,Gdf15_Tgfbr2
Mstn,TGFBR1_ACVR2B,Mstn_TGFBR1_ACVR2B
Mstn,ACVR1B_ACVR2B,Mstn_ACVR1B_ACVR2B
Mstn,ACVR1B_ACVR2A,Mstn_ACVR1B_ACVR2A
Mstn,TGFBR1_ACVR2A,Mstn_TGFBR1_ACVR2A
Amh,AMHR2_ACVR1,Amh_AMHR2_ACVR1
Amh,AMHR2_BMPR1A,Amh_AMHR2_BMPR1A
Gdnf,GFRA1_RET,Gdnf_GFRA1_RET
Nrtn,GFRA2_RET,Nrtn_GFRA2_RET
Artn,GFRA3_RET,Artn_GFRA3_RET
Pspn,GFRA4_RET,Pspn_GFRA4_RET
Artn,GFRA1_RET,Artn_GFRA1_RET
Nodal,ACVR1B_ACVR2A_CFC1,Nodal_ACVR1B_ACVR2A_CFC1
Nodal,ACVR1C_ACVR2A_CFC1,Nodal_ACVR1C_ACVR2A_CFC1
Nodal,ACVR1B_ACVR2B_CFC1,Nodal_ACVR1B_ACVR2B_CFC1
Nodal,ACVR1C_ACVR2B_CFC1,Nodal_ACVR1C_ACVR2B_CFC1
Gdf1,ACVR1B_ACVR2A_CFC1,Gdf1_ACVR1B_ACVR2A_CFC1
Gdf1,ACVR1B_ACVR2B_CFC1,Gdf1_ACVR1B_ACVR2B_CFC1
Gdf1,ACVR1C_ACVR2A_CFC1,Gdf1_ACVR1C_ACVR2A_CFC1
Gdf1,ACVR1C_ACVR2B_CFC1,Gdf1_ACVR1C_ACVR2B_CFC1
Gdf3,ACVR1B_ACVR2A_CFC1,Gdf3_ACVR1B_ACVR2A_CFC1
Gdf3,ACVR1B_ACVR2B_CFC1,Gdf3_ACVR1B_ACVR2B_CFC1
Gdf3,ACVR1C_ACVR2A_CFC1,Gdf3_ACVR1C_ACVR2A_CFC1
Gdf3,ACVR1C_ACVR2B_CFC1,Gdf3_ACVR1C_ACVR2B_CFC1
Inhba,ACVR1B_ACVR2A,Inhba_ACVR1B_ACVR2A
Inhba,ACVR1B_ACVR2B,Inhba_ACVR1B_ACVR2B
Inhbb,ACVR1B_ACVR2A,Inhbb_ACVR1B_ACVR2A
Inhbb,ACVR1B_ACVR2B,Inhbb_ACVR1B_ACVR2B
Inhbb,ACVR1C_ACVR2A,Inhbb_ACVR1C_ACVR2A
Inhbb,ACVR1C_ACVR2B,Inhbb_ACVR1C_ACVR2B
Inhbc,ACVR1B_ACVR2A,Inhbc_ACVR1B_ACVR2A
Inhbc,ACVR1B_ACVR2B,Inhbc_ACVR1B_ACVR2B
Inhbc,ACVR1C_ACVR2A,Inhbc_ACVR1C_ACVR2A
Inhbc,ACVR1C_ACVR2B,Inhbc_ACVR1C_ACVR2B
Inhbe,ACVR1B_ACVR2A,Inhbe_ACVR1B_ACVR2A
Inhbe,ACVR1B_ACVR2B,Inhbe_ACVR1B_ACVR2B
Inhbe,ACVR1C_ACVR2A,Inhbe_ACVR1C_ACVR2A
Inhbe,ACVR1C_ACVR2B,Inhbe_ACVR1C_ACVR2B
Activin AB,ACVR1B_ACVR2A,Activin AB_ACVR1B_ACVR2A
Activin AB,ACVR1B_ACVR2B,Activin AB_ACVR1B_ACVR2B
Activin AB,ACVR1C_ACVR2A,Activin AB_ACVR1C_ACVR2A
Activin AB,ACVR1C_ACVR2B,Activin AB_ACVR1C_ACVR2B
Inhibin A,Acvr2a,Inhibin A_Acvr2a
Inhibin B,Acvr2b,Inhibin B_Acvr2b
Wnt1,FZD1_LRP5,Wnt1_FZD1_LRP5
Wnt1,FZD10_LRP5,Wnt1_FZD10_LRP5
Wnt1,FZD2_LRP5,Wnt1_FZD2_LRP5
Wnt1,FZD3_LRP5,Wnt1_FZD3_LRP5
Wnt1,FZD4_LRP5,Wnt1_FZD4_LRP5
Wnt1,FZD5_LRP5,Wnt1_FZD5_LRP5
Wnt1,FZD6_LRP5,Wnt1_FZD6_LRP5
Wnt1,FZD7_LRP5,Wnt1_FZD7_LRP5
Wnt1,FZD8_LRP5,Wnt1_FZD8_LRP5
Wnt1,FZD9_LRP5,Wnt1_FZD9_LRP5
Wnt10a,FZD1_LRP5,Wnt10a_FZD1_LRP5
Wnt10a,FZD10_LRP5,Wnt10a_FZD10_LRP5
Wnt10a,FZD2_LRP5,Wnt10a_FZD2_LRP5
Wnt10a,FZD3_LRP5,Wnt10a_FZD3_LRP5
Wnt10a,FZD4_LRP5,Wnt10a_FZD4_LRP5
Wnt10a,FZD5_LRP5,Wnt10a_FZD5_LRP5
Wnt10a,FZD6_LRP5,Wnt10a_FZD6_LRP5
Wnt10a,FZD7_LRP5,Wnt10a_FZD7_LRP5
Wnt10a,FZD8_LRP5,Wnt10a_FZD8_LRP5
Wnt10a,FZD9_LRP5,Wnt10a_FZD9_LRP5
Wnt10b,FZD1_LRP5,Wnt10b_FZD1_LRP5
Wnt10b,FZD10_LRP5,Wnt10b_FZD10_LRP5
Wnt10b,FZD2_LRP5,Wnt10b_FZD2_LRP5
Wnt10b,FZD3_LRP5,Wnt10b_FZD3_LRP5
Wnt10b,FZD4_LRP5,Wnt10b_FZD4_LRP5
Wnt10b,FZD5_LRP5,Wnt10b_FZD5_LRP5
Wnt10b,FZD6_LRP5,Wnt10b_FZD6_LRP5
Wnt10b,FZD7_LRP5,Wnt10b_FZD7_LRP5
Wnt10b,FZD8_LRP5,Wnt10b_FZD8_LRP5
Wnt10b,FZD9_LRP5,Wnt10b_FZD9_LRP5
Wnt16,FZD1_LRP5,Wnt16_FZD1_LRP5
Wnt16,FZD10_LRP5,Wnt16_FZD10_LRP5
Wnt16,FZD2_LRP5,Wnt16_FZD2_LRP5
Wnt16,FZD3_LRP5,Wnt16_FZD3_LRP5
Wnt16,FZD4_LRP5,Wnt16_FZD4_LRP5
Wnt16,FZD5_LRP5,Wnt16_FZD5_LRP5
Wnt16,FZD6_LRP5,Wnt16_FZD6_LRP5
Wnt16,FZD7_LRP5,Wnt16_FZD7_LRP5
Wnt16,FZD8_LRP5,Wnt16_FZD8_LRP5
Wnt16,FZD9_LRP5,Wnt16_FZD9_LRP5
Wnt2,FZD1_LRP5,Wnt2_FZD1_LRP5
Wnt2,FZD10_LRP5,Wnt2_FZD10_LRP5
Wnt2,FZD2_LRP5,Wnt2_FZD2_LRP5
Wnt2,FZD3_LRP5,Wnt2_FZD3_LRP5
Wnt2,FZD4_LRP5,Wnt2_FZD4_LRP5
Wnt2,FZD5_LRP5,Wnt2_FZD5_LRP5
Wnt2,FZD6_LRP5,Wnt2_FZD6_LRP5
Wnt2,FZD7_LRP5,Wnt2_FZD7_LRP5
Wnt2,FZD8_LRP5,Wnt2_FZD8_LRP5
Wnt2,FZD9_LRP5,Wnt2_FZD9_LRP5
Wnt2b,FZD1_LRP5,Wnt2b_FZD1_LRP5
Wnt2b,FZD10_LRP5,Wnt2b_FZD10_LRP5
Wnt2b,FZD2_LRP5,Wnt2b_FZD2_LRP5
Wnt2b,FZD3_LRP5,Wnt2b_FZD3_LRP5
Wnt2b,FZD4_LRP5,Wnt2b_FZD4_LRP5
Wnt2b,FZD5_LRP5,Wnt2b_FZD5_LRP5
Wnt2b,FZD6_LRP5,Wnt2b_FZD6_LRP5
Wnt2b,FZD7_LRP5,Wnt2b_FZD7_LRP5
Wnt2b,FZD8_LRP5,Wnt2b_FZD8_LRP5
Wnt2b,FZD9_LRP5,Wnt2b_FZD9_LRP5
Wnt3,FZD1_LRP5,Wnt3_FZD1_LRP5
Wnt3,FZD10_LRP5,Wnt3_FZD10_LRP5
Wnt3,FZD2_LRP5,Wnt3_FZD2_LRP5
Wnt3,FZD3_LRP5,Wnt3_FZD3_LRP5
Wnt3,FZD4_LRP5,Wnt3_FZD4_LRP5
Wnt3,FZD5_LRP5,Wnt3_FZD5_LRP5
Wnt3,FZD6_LRP5,Wnt3_FZD6_LRP5
Wnt3,FZD7_LRP5,Wnt3_FZD7_LRP5
Wnt3,FZD8_LRP5,Wnt3_FZD8_LRP5
Wnt3,FZD9_LRP5,Wnt3_FZD9_LRP5
Wnt3a,FZD1_LRP5,Wnt3a_FZD1_LRP5
Wnt3a,FZD10_LRP5,Wnt3a_FZD10_LRP5
Wnt3a,FZD2_LRP5,Wnt3a_FZD2_LRP5
Wnt3a,FZD3_LRP5,Wnt3a_FZD3_LRP5
Wnt3a,FZD4_LRP5,Wnt3a_FZD4_LRP5
Wnt3a,FZD5_LRP5,Wnt3a_FZD5_LRP5
Wnt3a,FZD6_LRP5,Wnt3a_FZD6_LRP5
Wnt3a,FZD7_LRP5,Wnt3a_FZD7_LRP5
Wnt3a,FZD8_LRP5,Wnt3a_FZD8_LRP5
Wnt3a,FZD9_LRP5,Wnt3a_FZD9_LRP5
Wnt4,FZD1_LRP5,Wnt4_FZD1_LRP5
Wnt4,FZD10_LRP5,Wnt4_FZD10_LRP5
Wnt4,FZD2_LRP5,Wnt4_FZD2_LRP5
Wnt4,FZD3_LRP5,Wnt4_FZD3_LRP5
Wnt4,FZD4_LRP5,Wnt4_FZD4_LRP5
Wnt4,FZD5_LRP5,Wnt4_FZD5_LRP5
Wnt4,FZD6_LRP5,Wnt4_FZD6_LRP5
Wnt4,FZD7_LRP5,Wnt4_FZD7_LRP5
Wnt4,FZD8_LRP5,Wnt4_FZD8_LRP5
Wnt4,FZD9_LRP5,Wnt4_FZD9_LRP5
Wnt6,FZD1_LRP5,Wnt6_FZD1_LRP5
Wnt6,FZD10_LRP5,Wnt6_FZD10_LRP5
Wnt6,FZD2_LRP5,Wnt6_FZD2_LRP5
Wnt6,FZD3_LRP5,Wnt6_FZD3_LRP5
Wnt6,FZD4_LRP5,Wnt6_FZD4_LRP5
Wnt6,FZD5_LRP5,Wnt6_FZD5_LRP5
Wnt6,FZD6_LRP5,Wnt6_FZD6_LRP5
Wnt6,FZD7_LRP5,Wnt6_FZD7_LRP5
Wnt6,FZD8_LRP5,Wnt6_FZD8_LRP5
Wnt6,FZD9_LRP5,Wnt6_FZD9_LRP5
Wnt7a,FZD1_LRP5,Wnt7a_FZD1_LRP5
Wnt7a,FZD10_LRP5,Wnt7a_FZD10_LRP5
Wnt7a,FZD2_LRP5,Wnt7a_FZD2_LRP5
Wnt7a,FZD3_LRP5,Wnt7a_FZD3_LRP5
Wnt7a,FZD4_LRP5,Wnt7a_FZD4_LRP5
Wnt7a,FZD5_LRP5,Wnt7a_FZD5_LRP5
Wnt7a,FZD6_LRP5,Wnt7a_FZD6_LRP5
Wnt7a,FZD7_LRP5,Wnt7a_FZD7_LRP5
Wnt7a,FZD8_LRP5,Wnt7a_FZD8_LRP5
Wnt7a,FZD9_LRP5,Wnt7a_FZD9_LRP5
Wnt7b,FZD1_LRP5,Wnt7b_FZD1_LRP5
Wnt7b,FZD10_LRP5,Wnt7b_FZD10_LRP5
Wnt7b,FZD2_LRP5,Wnt7b_FZD2_LRP5
Wnt7b,FZD3_LRP5,Wnt7b_FZD3_LRP5
Wnt7b,FZD4_LRP5,Wnt7b_FZD4_LRP5
Wnt7b,FZD5_LRP5,Wnt7b_FZD5_LRP5
Wnt7b,FZD6_LRP5,Wnt7b_FZD6_LRP5
Wnt7b,FZD7_LRP5,Wnt7b_FZD7_LRP5
Wnt7b,FZD8_LRP5,Wnt7b_FZD8_LRP5
Wnt7b,FZD9_LRP5,Wnt7b_FZD9_LRP5
Wnt8a,FZD1_LRP5,Wnt8a_FZD1_LRP5
Wnt8a,FZD10_LRP5,Wnt8a_FZD10_LRP5
Wnt8a,FZD2_LRP5,Wnt8a_FZD2_LRP5
Wnt8a,FZD3_LRP5,Wnt8a_FZD3_LRP5
Wnt8a,FZD4_LRP5,Wnt8a_FZD4_LRP5
Wnt8a,FZD5_LRP5,Wnt8a_FZD5_LRP5
Wnt8a,FZD6_LRP5,Wnt8a_FZD6_LRP5
Wnt8a,FZD7_LRP5,Wnt8a_FZD7_LRP5
Wnt8a,FZD8_LRP5,Wnt8a_FZD8_LRP5
Wnt8a,FZD9_LRP5,Wnt8a_FZD9_LRP5
Wnt8b,FZD1_LRP5,Wnt8b_FZD1_LRP5
Wnt8b,FZD10_LRP5,Wnt8b_FZD10_LRP5
Wnt8b,FZD2_LRP5,Wnt8b_FZD2_LRP5
Wnt8b,FZD3_LRP5,Wnt8b_FZD3_LRP5
Wnt8b,FZD4_LRP5,Wnt8b_FZD4_LRP5
Wnt8b,FZD5_LRP5,Wnt8b_FZD5_LRP5
Wnt8b,FZD6_LRP5,Wnt8b_FZD6_LRP5
Wnt8b,FZD7_LRP5,Wnt8b_FZD7_LRP5
Wnt8b,FZD8_LRP5,Wnt8b_FZD8_LRP5
Wnt8b,FZD9_LRP5,Wnt8b_FZD9_LRP5
Wnt9a,FZD1_LRP5,Wnt9a_FZD1_LRP5
Wnt9a,FZD10_LRP5,Wnt9a_FZD10_LRP5
Wnt9a,FZD2_LRP5,Wnt9a_FZD2_LRP5
Wnt9a,FZD3_LRP5,Wnt9a_FZD3_LRP5
Wnt9a,FZD4_LRP5,Wnt9a_FZD4_LRP5
Wnt9a,FZD5_LRP5,Wnt9a_FZD5_LRP5
Wnt9a,FZD6_LRP5,Wnt9a_FZD6_LRP5
Wnt9a,FZD7_LRP5,Wnt9a_FZD7_LRP5
Wnt9a,FZD8_LRP5,Wnt9a_FZD8_LRP5
Wnt9a,FZD9_LRP5,Wnt9a_FZD9_LRP5
Wnt9b,FZD1_LRP5,Wnt9b_FZD1_LRP5
Wnt9b,FZD10_LRP5,Wnt9b_FZD10_LRP5
Wnt9b,FZD2_LRP5,Wnt9b_FZD2_LRP5
Wnt9b,FZD3_LRP5,Wnt9b_FZD3_LRP5
Wnt9b,FZD4_LRP5,Wnt9b_FZD4_LRP5
Wnt9b,FZD5_LRP5,Wnt9b_FZD5_LRP5
Wnt9b,FZD6_LRP5,Wnt9b_FZD6_LRP5
Wnt9b,FZD7_LRP5,Wnt9b_FZD7_LRP5
Wnt9b,FZD8_LRP5,Wnt9b_FZD8_LRP5
Wnt9b,FZD9_LRP5,Wnt9b_FZD9_LRP5
Wnt1,FZD1_LRP6,Wnt1_FZD1_LRP6
Wnt1,FZD10_LRP6,Wnt1_FZD10_LRP6
Wnt1,FZD2_LRP6,Wnt1_FZD2_LRP6
Wnt1,FZD3_LRP6,Wnt1_FZD3_LRP6
Wnt1,FZD4_LRP6,Wnt1_FZD4_LRP6
Wnt1,FZD5_LRP6,Wnt1_FZD5_LRP6
Wnt1,FZD6_LRP6,Wnt1_FZD6_LRP6
Wnt1,FZD7_LRP6,Wnt1_FZD7_LRP6
Wnt1,FZD8_LRP6,Wnt1_FZD8_LRP6
Wnt1,FZD9_LRP6,Wnt1_FZD9_LRP6
Wnt10a,FZD1_LRP6,Wnt10a_FZD1_LRP6
Wnt10a,FZD10_LRP6,Wnt10a_FZD10_LRP6
Wnt10a,FZD2_LRP6,Wnt10a_FZD2_LRP6
Wnt10a,FZD3_LRP6,Wnt10a_FZD3_LRP6
Wnt10a,FZD4_LRP6,Wnt10a_FZD4_LRP6
Wnt10a,FZD5_LRP6,Wnt10a_FZD5_LRP6
Wnt10a,FZD6_LRP6,Wnt10a_FZD6_LRP6
Wnt10a,FZD7_LRP6,Wnt10a_FZD7_LRP6
Wnt10a,FZD8_LRP6,Wnt10a_FZD8_LRP6
Wnt10a,FZD9_LRP6,Wnt10a_FZD9_LRP6
Wnt10b,FZD1_LRP6,Wnt10b_FZD1_LRP6
Wnt10b,FZD10_LRP6,Wnt10b_FZD10_LRP6
Wnt10b,FZD2_LRP6,Wnt10b_FZD2_LRP6
Wnt10b,FZD3_LRP6,Wnt10b_FZD3_LRP6
Wnt10b,FZD4_LRP6,Wnt10b_FZD4_LRP6
Wnt10b,FZD5_LRP6,Wnt10b_FZD5_LRP6
Wnt10b,FZD6_LRP6,Wnt10b_FZD6_LRP6
Wnt10b,FZD7_LRP6,Wnt10b_FZD7_LRP6
Wnt10b,FZD8_LRP6,Wnt10b_FZD8_LRP6
Wnt10b,FZD9_LRP6,Wnt10b_FZD9_LRP6
Wnt16,FZD1_LRP6,Wnt16_FZD1_LRP6
Wnt16,FZD10_LRP6,Wnt16_FZD10_LRP6
Wnt16,FZD2_LRP6,Wnt16_FZD2_LRP6
Wnt16,FZD3_LRP6,Wnt16_FZD3_LRP6
Wnt16,FZD4_LRP6,Wnt16_FZD4_LRP6
Wnt16,FZD5_LRP6,Wnt16_FZD5_LRP6
Wnt16,FZD6_LRP6,Wnt16_FZD6_LRP6
Wnt16,FZD7_LRP6,Wnt16_FZD7_LRP6
Wnt16,FZD8_LRP6,Wnt16_FZD8_LRP6
Wnt16,FZD9_LRP6,Wnt16_FZD9_LRP6
Wnt2,FZD1_LRP6,Wnt2_FZD1_LRP6
Wnt2,FZD10_LRP6,Wnt2_FZD10_LRP6
Wnt2,FZD2_LRP6,Wnt2_FZD2_LRP6
Wnt2,FZD3_LRP6,Wnt2_FZD3_LRP6
Wnt2,FZD4_LRP6,Wnt2_FZD4_LRP6
Wnt2,FZD5_LRP6,Wnt2_FZD5_LRP6
Wnt2,FZD6_LRP6,Wnt2_FZD6_LRP6
Wnt2,FZD7_LRP6,Wnt2_FZD7_LRP6
Wnt2,FZD8_LRP6,Wnt2_FZD8_LRP6
Wnt2,FZD9_LRP6,Wnt2_FZD9_LRP6
Wnt2b,FZD1_LRP6,Wnt2b_FZD1_LRP6
Wnt2b,FZD10_LRP6,Wnt2b_FZD10_LRP6
Wnt2b,FZD2_LRP6,Wnt2b_FZD2_LRP6
Wnt2b,FZD3_LRP6,Wnt2b_FZD3_LRP6
Wnt2b,FZD4_LRP6,Wnt2b_FZD4_LRP6
Wnt2b,FZD5_LRP6,Wnt2b_FZD5_LRP6
Wnt2b,FZD6_LRP6,Wnt2b_FZD6_LRP6
Wnt2b,FZD7_LRP6,Wnt2b_FZD7_LRP6
Wnt2b,FZD8_LRP6,Wnt2b_FZD8_LRP6
Wnt2b,FZD9_LRP6,Wnt2b_FZD9_LRP6
Wnt3,FZD1_LRP6,Wnt3_FZD1_LRP6
Wnt3,FZD10_LRP6,Wnt3_FZD10_LRP6
Wnt3,FZD2_LRP6,Wnt3_FZD2_LRP6
Wnt3,FZD3_LRP6,Wnt3_FZD3_LRP6
Wnt3,FZD4_LRP6,Wnt3_FZD4_LRP6
Wnt3,FZD5_LRP6,Wnt3_FZD5_LRP6
Wnt3,FZD6_LRP6,Wnt3_FZD6_LRP6
Wnt3,FZD7_LRP6,Wnt3_FZD7_LRP6
Wnt3,FZD8_LRP6,Wnt3_FZD8_LRP6
Wnt3,FZD9_LRP6,Wnt3_FZD9_LRP6
Wnt3a,FZD1_LRP6,Wnt3a_FZD1_LRP6
Wnt3a,FZD10_LRP6,Wnt3a_FZD10_LRP6
Wnt3a,FZD2_LRP6,Wnt3a_FZD2_LRP6
Wnt3a,FZD3_LRP6,Wnt3a_FZD3_LRP6
Wnt3a,FZD4_LRP6,Wnt3a_FZD4_LRP6
Wnt3a,FZD5_LRP6,Wnt3a_FZD5_LRP6
Wnt3a,FZD6_LRP6,Wnt3a_FZD6_LRP6
Wnt3a,FZD7_LRP6,Wnt3a_FZD7_LRP6
Wnt3a,FZD8_LRP6,Wnt3a_FZD8_LRP6
Wnt3a,FZD9_LRP6,Wnt3a_FZD9_LRP6
Wnt4,FZD1_LRP6,Wnt4_FZD1_LRP6
Wnt4,FZD10_LRP6,Wnt4_FZD10_LRP6
Wnt4,FZD2_LRP6,Wnt4_FZD2_LRP6
Wnt4,FZD3_LRP6,Wnt4_FZD3_LRP6
Wnt4,FZD4_LRP6,Wnt4_FZD4_LRP6
Wnt4,FZD5_LRP6,Wnt4_FZD5_LRP6
Wnt4,FZD6_LRP6,Wnt4_FZD6_LRP6
Wnt4,FZD7_LRP6,Wnt4_FZD7_LRP6
Wnt4,FZD8_LRP6,Wnt4_FZD8_LRP6
Wnt4,FZD9_LRP6,Wnt4_FZD9_LRP6
Wnt6,FZD1_LRP6,Wnt6_FZD1_LRP6
Wnt6,FZD10_LRP6,Wnt6_FZD10_LRP6
Wnt6,FZD2_LRP6,Wnt6_FZD2_LRP6
Wnt6,FZD3_LRP6,Wnt6_FZD3_LRP6
Wnt6,FZD4_LRP6,Wnt6_FZD4_LRP6
Wnt6,FZD5_LRP6,Wnt6_FZD5_LRP6
Wnt6,FZD6_LRP6,Wnt6_FZD6_LRP6
Wnt6,FZD7_LRP6,Wnt6_FZD7_LRP6
Wnt6,FZD8_LRP6,Wnt6_FZD8_LRP6
Wnt6,FZD9_LRP6,Wnt6_FZD9_LRP6
Wnt7a,FZD1_LRP6,Wnt7a_FZD1_LRP6
Wnt7a,FZD10_LRP6,Wnt7a_FZD10_LRP6
Wnt7a,FZD2_LRP6,Wnt7a_FZD2_LRP6
Wnt7a,FZD3_LRP6,Wnt7a_FZD3_LRP6
Wnt7a,FZD4_LRP6,Wnt7a_FZD4_LRP6
Wnt7a,FZD5_LRP6,Wnt7a_FZD5_LRP6
Wnt7a,FZD6_LRP6,Wnt7a_FZD6_LRP6
Wnt7a,FZD7_LRP6,Wnt7a_FZD7_LRP6
Wnt7a,FZD8_LRP6,Wnt7a_FZD8_LRP6
Wnt7a,FZD9_LRP6,Wnt7a_FZD9_LRP6
Wnt7b,FZD1_LRP6,Wnt7b_FZD1_LRP6
Wnt7b,FZD10_LRP6,Wnt7b_FZD10_LRP6
Wnt7b,FZD2_LRP6,Wnt7b_FZD2_LRP6
Wnt7b,FZD3_LRP6,Wnt7b_FZD3_LRP6
Wnt7b,FZD4_LRP6,Wnt7b_FZD4_LRP6
Wnt7b,FZD5_LRP6,Wnt7b_FZD5_LRP6
Wnt7b,FZD6_LRP6,Wnt7b_FZD6_LRP6
Wnt7b,FZD7_LRP6,Wnt7b_FZD7_LRP6
Wnt7b,FZD8_LRP6,Wnt7b_FZD8_LRP6
Wnt7b,FZD9_LRP6,Wnt7b_FZD9_LRP6
Wnt8a,FZD1_LRP6,Wnt8a_FZD1_LRP6
Wnt8a,FZD10_LRP6,Wnt8a_FZD10_LRP6
Wnt8a,FZD2_LRP6,Wnt8a_FZD2_LRP6
Wnt8a,FZD3_LRP6,Wnt8a_FZD3_LRP6
Wnt8a,FZD4_LRP6,Wnt8a_FZD4_LRP6
Wnt8a,FZD5_LRP6,Wnt8a_FZD5_LRP6
Wnt8a,FZD6_LRP6,Wnt8a_FZD6_LRP6
Wnt8a,FZD7_LRP6,Wnt8a_FZD7_LRP6
Wnt8a,FZD8_LRP6,Wnt8a_FZD8_LRP6
Wnt8a,FZD9_LRP6,Wnt8a_FZD9_LRP6
Wnt8b,FZD1_LRP6,Wnt8b_FZD1_LRP6
Wnt8b,FZD10_LRP6,Wnt8b_FZD10_LRP6
Wnt8b,FZD2_LRP6,Wnt8b_FZD2_LRP6
Wnt8b,FZD3_LRP6,Wnt8b_FZD3_LRP6
Wnt8b,FZD4_LRP6,Wnt8b_FZD4_LRP6
Wnt8b,FZD5_LRP6,Wnt8b_FZD5_LRP6
Wnt8b,FZD6_LRP6,Wnt8b_FZD6_LRP6
Wnt8b,FZD7_LRP6,Wnt8b_FZD7_LRP6
Wnt8b,FZD8_LRP6,Wnt8b_FZD8_LRP6
Wnt8b,FZD9_LRP6,Wnt8b_FZD9_LRP6
Wnt9a,FZD1_LRP6,Wnt9a_FZD1_LRP6
Wnt9a,FZD10_LRP6,Wnt9a_FZD10_LRP6
Wnt9a,FZD2_LRP6,Wnt9a_FZD2_LRP6
Wnt9a,FZD3_LRP6,Wnt9a_FZD3_LRP6
Wnt9a,FZD4_LRP6,Wnt9a_FZD4_LRP6
Wnt9a,FZD5_LRP6,Wnt9a_FZD5_LRP6
Wnt9a,FZD6_LRP6,Wnt9a_FZD6_LRP6
Wnt9a,FZD7_LRP6,Wnt9a_FZD7_LRP6
Wnt9a,FZD8_LRP6,Wnt9a_FZD8_LRP6
Wnt9a,FZD9_LRP6,Wnt9a_FZD9_LRP6
Wnt9b,FZD1_LRP6,Wnt9b_FZD1_LRP6
Wnt9b,FZD10_LRP6,Wnt9b_FZD10_LRP6
Wnt9b,FZD2_LRP6,Wnt9b_FZD2_LRP6
Wnt9b,FZD3_LRP6,Wnt9b_FZD3_LRP6
Wnt9b,FZD4_LRP6,Wnt9b_FZD4_LRP6
Wnt9b,FZD5_LRP6,Wnt9b_FZD5_LRP6
Wnt9b,FZD6_LRP6,Wnt9b_FZD6_LRP6
Wnt9b,FZD7_LRP6,Wnt9b_FZD7_LRP6
Wnt9b,FZD8_LRP6,Wnt9b_FZD8_LRP6
Wnt9b,FZD9_LRP6,Wnt9b_FZD9_LRP6
Wnt5a,Fzd1,Wnt5a_Fzd1
Wnt5a,Fzd10,Wnt5a_Fzd10
Wnt5a,Fzd2,Wnt5a_Fzd2
Wnt5a,Fzd3,Wnt5a_Fzd3
Wnt5a,Fzd4,Wnt5a_Fzd4
Wnt5a,Fzd5,Wnt5a_Fzd5
Wnt5a,Fzd6,Wnt5a_Fzd6
Wnt5a,Fzd7,Wnt5a_Fzd7
Wnt5a,Fzd8,Wnt5a_Fzd8
Wnt5a,Fzd9,Wnt5a_Fzd9
Wnt5a,Mcam,Wnt5a_Mcam
Wnt5b,Fzd1,Wnt5b_Fzd1
Wnt5b,Fzd10,Wnt5b_Fzd10
Wnt5b,Fzd2,Wnt5b_Fzd2
Wnt5b,Fzd3,Wnt5b_Fzd3
Wnt5b,Fzd4,Wnt5b_Fzd4
Wnt5b,Fzd5,Wnt5b_Fzd5
Wnt5b,Fzd6,Wnt5b_Fzd6
Wnt5b,Fzd7,Wnt5b_Fzd7
Wnt5b,Fzd8,Wnt5b_Fzd8
Wnt5b,Fzd9,Wnt5b_Fzd9
Wnt11,Fzd1,Wnt11_Fzd1
Wnt11,Fzd10,Wnt11_Fzd10
Wnt11,Fzd2,Wnt11_Fzd2
Wnt11,Fzd3,Wnt11_Fzd3
Wnt11,Fzd4,Wnt11_Fzd4
Wnt11,Fzd5,Wnt11_Fzd5
Wnt11,Fzd6,Wnt11_Fzd6
Wnt11,Fzd7,Wnt11_Fzd7
Wnt11,Fzd8,Wnt11_Fzd8
Wnt11,Fzd9,Wnt11_Fzd9
Egf,Egfr,Egf_Egfr
Egf,EGFR_ERBB2,Egf_EGFR_ERBB2
Tgfa,Egfr,Tgfa_Egfr
Tgfa,EGFR_ERBB2,Tgfa_EGFR_ERBB2
Areg,Egfr,Areg_Egfr
Areg,EGFR_ERBB2,Areg_EGFR_ERBB2
Btc,Egfr,Btc_Egfr
Btc,EGFR_ERBB2,Btc_EGFR_ERBB2
Btc,Erbb4,Btc_Erbb4
Btc,ERBB2_ERBB4,Btc_ERBB2_ERBB4
Hbegf,Egfr,Hbegf_Egfr
Hbegf,EGFR_ERBB2,Hbegf_EGFR_ERBB2
Hbegf,Erbb4,Hbegf_Erbb4
Hbegf,ERBB2_ERBB4,Hbegf_ERBB2_ERBB4
Ereg,Egfr,Ereg_Egfr
Ereg,EGFR_ERBB2,Ereg_EGFR_ERBB2
Ereg,Erbb4,Ereg_Erbb4
Ereg,ERBB2_ERBB4,Ereg_ERBB2_ERBB4
Nrg1,Erbb3,Nrg1_Erbb3
Nrg1,ERBB2_ERBB3,Nrg1_ERBB2_ERBB3
Nrg1,Erbb4,Nrg1_Erbb4
Nrg1,ERBB2_ERBB4,Nrg1_ERBB2_ERBB4
Nrg2,Erbb3,Nrg2_Erbb3
Nrg2,ERBB2_ERBB3,Nrg2_ERBB2_ERBB3
Nrg2,Erbb4,Nrg2_Erbb4
Nrg2,ERBB2_ERBB4,Nrg2_ERBB2_ERBB4
Nrg3,Erbb4,Nrg3_Erbb4
Nrg3,ERBB2_ERBB4,Nrg3_ERBB2_ERBB4
Nrg4,Erbb4,Nrg4_Erbb4
Nrg4,ERBB2_ERBB4,Nrg4_ERBB2_ERBB4
Nrg1,ITGAV_ITGB3,Nrg1_ITGAV_ITGB3
Fgf1,Fgfr1,Fgf1_Fgfr1
Fgf1,Fgfr2,Fgf1_Fgfr2
Fgf1,Fgfr3,Fgf1_Fgfr3
Fgf1,Fgfr4,Fgf1_Fgfr4
Fgf2,Fgfr1,Fgf2_Fgfr1
Fgf2,Fgfr2,Fgf2_Fgfr2
Fgf2,Fgfr3,Fgf2_Fgfr3
Fgf2,Fgfr4,Fgf2_Fgfr4
Fgf4,Fgfr1,Fgf4_Fgfr1
Fgf4,Fgfr2,Fgf4_Fgfr2
Fgf4,Fgfr3,Fgf4_Fgfr3
Fgf4,Fgfr4,Fgf4_Fgfr4
Fgf5,Fgfr1,Fgf5_Fgfr1
Fgf5,Fgfr2,Fgf5_Fgfr2
Fgf5,Fgfr3,Fgf5_Fgfr3
Fgf5,Fgfr4,Fgf5_Fgfr4
Fgf6,Fgfr1,Fgf6_Fgfr1
Fgf6,Fgfr2,Fgf6_Fgfr2
Fgf6,Fgfr3,Fgf6_Fgfr3
Fgf6,Fgfr4,Fgf6_Fgfr4
Fgf7,Fgfr1,Fgf7_Fgfr1
Fgf7,Fgfr2,Fgf7_Fgfr2
Fgf3,Fgfr1,Fgf3_Fgfr1
Fgf3,Fgfr2,Fgf3_Fgfr2
Fgf10,Fgfr1,Fgf10_Fgfr1
Fgf10,Fgfr2,Fgf10_Fgfr2
Fgf22,Fgfr2,Fgf22_Fgfr2
Fgf8,Fgfr1,Fgf8_Fgfr1
Fgf8,Fgfr2,Fgf8_Fgfr2
Fgf8,Fgfr3,Fgf8_Fgfr3
Fgf8,Fgfr4,Fgf8_Fgfr4
Fgf17,Fgfr1,Fgf17_Fgfr1
Fgf17,Fgfr2,Fgf17_Fgfr2
Fgf17,Fgfr3,Fgf17_Fgfr3
Fgf17,Fgfr4,Fgf17_Fgfr4
Fgf18,Fgfr1,Fgf18_Fgfr1
Fgf18,Fgfr2,Fgf18_Fgfr2
Fgf18,Fgfr3,Fgf18_Fgfr3
Fgf18,Fgfr4,Fgf18_Fgfr4
Fgf9,Fgfr1,Fgf9_Fgfr1
Fgf9,Fgfr2,Fgf9_Fgfr2
Fgf9,Fgfr3,Fgf9_Fgfr3
Fgf9,Fgfr4,Fgf9_Fgfr4
Fgf20,Fgfr1,Fgf20_Fgfr1
Fgf20,Fgfr2,Fgf20_Fgfr2
Fgf20,Fgfr3,Fgf20_Fgfr3
Fgf20,Fgfr4,Fgf20_Fgfr4
Fgf16,Fgfr1,Fgf16_Fgfr1
Fgf16,Fgfr2,Fgf16_Fgfr2
Fgf16,Fgfr3,Fgf16_Fgfr3
Fgf16,Fgfr4,Fgf16_Fgfr4
Fgf15,Fgfr1,Fgf15_Fgfr1
Fgf15,Fgfr2,Fgf15_Fgfr2
Fgf15,Fgfr3,Fgf15_Fgfr3
Fgf15,Fgfr4,Fgf15_Fgfr4
Fgf21,Fgfr1,Fgf21_Fgfr1
Fgf21,Fgfr3,Fgf21_Fgfr3
Fgf23,Fgfr1,Fgf23_Fgfr1
Fgf23,Fgfr3,Fgf23_Fgfr3
Fgf23,Fgfr4,Fgf23_Fgfr4
Pdgfa,Pdgfra,Pdgfa_Pdgfra
Pdgfa,Pdgfrb,Pdgfa_Pdgfrb
Pdgfb,Pdgfra,Pdgfb_Pdgfra
Pdgfb,Pdgfrb,Pdgfb_Pdgfrb
Pdgfc,Pdgfra,Pdgfc_Pdgfra
Pdgfd,Pdgfrb,Pdgfd_Pdgfrb
Vegfa,Flt1,Vegfa_Flt1
Vegfa,Kdr,Vegfa_Kdr
Vegfb,Flt1,Vegfb_Flt1
Vegfc,Flt4,Vegfc_Flt4
Vegfc,Kdr,Vegfc_Kdr
Vegfd,Flt4,Vegfd_Flt4
Vegfd,Kdr,Vegfd_Kdr
Pgf,Flt1,Pgf_Flt1
Vegfa,FLT1_KDR,Vegfa_FLT1_KDR
Vegfc,FLT4_KDR,Vegfc_FLT4_KDR
Vegfd,FLT4_KDR,Vegfd_FLT4_KDR
Igf1,Igf1r,Igf1_Igf1r
Igf2,Igf1r,Igf2_Igf1r
Igf2,Igf2r,Igf2_Igf2r
Igf1,ITGAV_ITGB3,Igf1_ITGAV_ITGB3
Igf1,ITGA6_ITGB4,Igf1_ITGA6_ITGB4
Igf2,ITGAV_ITGB3,Igf2_ITGAV_ITGB3
Igf2,ITGA6_ITGB4,Igf2_ITGA6_ITGB4
Igfl3,Igflr1,Igfl3_Igflr1
Ins1,Insr,Ins1_Insr
Ins2,Insr,Ins2_Insr
Apln,Aplnr,Apln_Aplnr
Dhh,PTCH1_SMO,Dhh_PTCH1_SMO
Ihh,PTCH1_SMO,Ihh_PTCH1_SMO
Shh,PTCH1_SMO,Shh_PTCH1_SMO
Dhh,PTCH2_SMO,Dhh_PTCH2_SMO
Ihh,PTCH2_SMO,Ihh_PTCH2_SMO
Shh,PTCH2_SMO,Shh_PTCH2_SMO
Ccl5,Ccr1,Ccl5_Ccr1
Ccl3,Ccr1,Ccl3_Ccr1
Ccl8,Ccr1,Ccl8_Ccr1
Ccl9,Ccr1,Ccl9_Ccr1
Ccl6,Ccr1,Ccl6_Ccr1
Ccl7,Ccr1,Ccl7_Ccr1
Ccl5,Ccr1l1,Ccl5_Ccr1l1
Ccl3,Ccr1l1,Ccl3_Ccr1l1
Ccl8,Ccr1l1,Ccl8_Ccr1l1
Ccl9,Ccr1l1,Ccl9_Ccr1l1
Ccl6,Ccr1l1,Ccl6_Ccr1l1
Ccl7,Ccr1l1,Ccl7_Ccr1l1
Ccl8,Ccr2,Ccl8_Ccr2
Ccl6,Ccr2,Ccl6_Ccr2
Ccl7,Ccr2,Ccl7_Ccr2
Ccl2,Ccr2,Ccl2_Ccr2
Ccl12,Ccr2,Ccl12_Ccr2
Ccl27a,Ccr2,Ccl27a_Ccr2
Ccl27b,Ccr2,Ccl27b_Ccr2
Ccl5,Ccr3,Ccl5_Ccr3
Ccl6,Ccr3,Ccl6_Ccr3
Ccl7,Ccr3,Ccl7_Ccr3
Ccl11,Ccr3,Ccl11_Ccr3
Ccl24,Ccr3,Ccl24_Ccr3
Ccl26,Ccr3,Ccl26_Ccr3
Ccl28,Ccr3,Ccl28_Ccr3
Ccl27a,Ccr3,Ccl27a_Ccr3
Ccl27b,Ccr3,Ccl27b_Ccr3
Ccl17,Ccr4,Ccl17_Ccr4
Ccl22,Ccr4,Ccl22_Ccr4
Ccl5,Ccr4,Ccl5_Ccr4
Ccl4,Ccr5,Ccl4_Ccr5
Ccl5,Ccr5,Ccl5_Ccr5
Ccl3,Ccr5,Ccl3_Ccr5
Ccl8,Ccr5,Ccl8_Ccr5
Ccl20,Ccr6,Ccl20_Ccr6
Ccl19,Ccr7,Ccl19_Ccr7
Ccl21a,Ccr7,Ccl21a_Ccr7
Ccl21b,Ccr7,Ccl21b_Ccr7
Ccl21c,Ccr7,Ccl21c_Ccr7
Ccl19,Ackr4,Ccl19_Ackr4
Ccl21a,Ackr4,Ccl21a_Ackr4
Ccl21b,Ackr4,Ccl21b_Ackr4
Ccl21c,Ackr4,Ccl21c_Ackr4
Ccl1,Ccr8,Ccl1_Ccr8
Ccl25,Ccr9,Ccl25_Ccr9
Ccl25,Ackr4,Ccl25_Ackr4
Ccl28,Ccr10,Ccl28_Ccr10
Ccl27a,Ccr10,Ccl27a_Ccr10
Ccl27b,Ccr10,Ccl27b_Ccr10
Ccl1,Ackr4,Ccl1_Ackr4
Ccl8,Ackr4,Ccl8_Ackr4
Ccl1,Ackr1,Ccl1_Ackr1
Ccl2,Ackr1,Ccl2_Ackr1
Ccl2,Ackr2,Ccl2_Ackr2
Ccl3,Ackr2,Ccl3_Ackr2
Ccl4,Ackr2,Ccl4_Ackr2
Ccl5,Ackr1,Ccl5_Ackr1
Ccl5,Ackr2,Ccl5_Ackr2
Ccl7,Ackr1,Ccl7_Ackr1
Ccl8,Ackr1,Ccl8_Ackr1
Ccl11,Ackr1,Ccl11_Ackr1
Ccl11,Ackr2,Ccl11_Ackr2
Ccl22,Ackr2,Ccl22_Ackr2
Ccl24,Ackr2,Ccl24_Ackr2
Ccl26,Ackr2,Ccl26_Ackr2
Ccl17,Ackr1,Ccl17_Ackr1
Ccl17,Ackr2,Ccl17_Ackr2
Cxcl1,Cxcr1,Cxcl1_Cxcr1
Cxcl5,Cxcr1,Cxcl5_Cxcr1
Cxcl2,Cxcr1,Cxcl2_Cxcr1
Cxcl3,Cxcr1,Cxcl3_Cxcr1
Cxcl1,Cxcr2,Cxcl1_Cxcr2
Cxcl5,Cxcr2,Cxcl5_Cxcr2
Cxcl2,Cxcr2,Cxcl2_Cxcr2
Cxcl3,Cxcr2,Cxcl3_Cxcr2
Ppbp,Cxcr2,Ppbp_Cxcr2
Pf4,Cxcr3,Pf4_Cxcr3
Cxcl9,Cxcr3,Cxcl9_Cxcr3
Cxcl10,Cxcr3,Cxcl10_Cxcr3
Cxcl11,Cxcr3,Cxcl11_Cxcr3
Cxcl13,Cxcr3,Cxcl13_Cxcr3
Pf4,Cxcr3,Pf4_Cxcr3
Cxcl12,Cxcr4,Cxcl12_Cxcr4
Cxcl12,Ackr3,Cxcl12_Ackr3
Cxcl13,Cxcr5,Cxcl13_Cxcr5
Cxcl16,Cxcr6,Cxcl16_Cxcr6
Cxcl1,Ackr1,Cxcl1_Ackr1
Cxcl2,Ackr1,Cxcl2_Ackr1
Cxcl3,Ackr1,Cxcl3_Ackr1
Cxcl5,Ackr1,Cxcl5_Ackr1
Cxcl9,Ackr1,Cxcl9_Ackr1
Cxcl10,Ackr1,Cxcl10_Ackr1
Cxcl11,Ackr1,Cxcl11_Ackr1
Cxcl11,Ackr3,Cxcl11_Ackr3
Cxcl13,Ackr1,Cxcl13_Ackr1
Mif,CD74_CXCR4,Mif_CD74_CXCR4
Mif,CD74_CD44,Mif_CD74_CD44
Mif,CD74_CXCR2,Mif_CD74_CXCR2
Mif,Ackr3,Mif_Ackr3
Cx3cl1,Cx3cr1,Cx3cl1_Cx3cr1
Xcl1,Xcr1,Xcl1_Xcr1
Il2,IL2RA_IL2RB,Il2_IL2RA_IL2RB
Il2,IL2RB_IL2RG,Il2_IL2RB_IL2RG
Il4,IL4R_IL2RG,Il4_IL4R_IL2RG
Il7,IL7R_IL2RG,Il7_IL7R_IL2RG
Il9,IL9R_IL2RG,Il9_IL9R_IL2RG
Il15,IL15RA_IL2RB,Il15_IL15RA_IL2RB
Il21,IL21R_IL2RG,Il21_IL21R_IL2RG
Tslp,IL7R_CRLF2,Tslp_IL7R_CRLF2
Il3,IL3RA_CSF2RB,Il3_IL3RA_CSF2RB
Il5,IL5RA_CSF2RB,Il5_IL5RA_CSF2RB
Csf2,CSF2RA_CSF2RB,Csf2_CSF2RA_CSF2RB
Il4,Il4ra,Il4_Il4ra
Il4,IL4R_IL13RA1,Il4_IL4R_IL13RA1
Il4,IL4R_IL13RA2,Il4_IL4R_IL13RA2
Il13,IL4R_IL13RA1,Il13_IL4R_IL13RA1
Il13,IL4R_IL13RA2,Il13_IL4R_IL13RA2
Il13,Il13ra1,Il13_Il13ra1
Il13,Il13ra2,Il13_Il13ra2
Il6,IL6R_IL6ST,Il6_IL6R_IL6ST
Il11,IL11R complex 1,Il11_IL11R complex 1
Il11,IL11R complex 2,Il11_IL11R complex 2
IL12AB,IL12RB1_IL12RB2,IL12AB_IL12RB1_IL12RB2
IL23 complex,IL23R_IL12RB1,IL23 complex_IL23R_IL12RB1
IL27 complex,IL27RA_IL6ST,IL27 complex_IL27RA_IL6ST
Il31,IL31RA_OSMR,Il31_IL31RA_OSMR
Cntf,CNTFR_LIFR,Cntf_CNTFR_LIFR
Clcf1,CNTFR_LIFR,Clcf1_CNTFR_LIFR
Ctf1,LIFR_IL6ST,Ctf1_LIFR_IL6ST
Lif,LIFR_IL6ST,Lif_LIFR_IL6ST
Osm,LIFR_IL6ST,Osm_LIFR_IL6ST
Osm,OSMR_IL6ST,Osm_OSMR_IL6ST
Il10,IL10RA_IL10RB,Il10_IL10RA_IL10RB
Il19,IL20RA_IL20RB,Il19_IL20RA_IL20RB
Il20,IL20RA_IL20RB,Il20_IL20RA_IL20RB
Il24,IL20RA_IL20RB,Il24_IL20RA_IL20RB
Il20,IL22RA1_IL20RB,Il20_IL22RA1_IL20RB
Il24,IL22RA1_IL20RB,Il24_IL22RA1_IL20RB
Il22,IL22RA1_IL10RB,Il22_IL22RA1_IL10RB
Il1a,IL1R1_IL1RAP,Il1a_IL1R1_IL1RAP
Il1b,IL1R1_IL1RAP,Il1b_IL1R1_IL1RAP
Il1f5,IL1RL2_IL1RAP,Il1f5_IL1RL2_IL1RAP
Il1f6,IL1RL2_IL1RAP,Il1f6_IL1RL2_IL1RAP
Il1f8,IL1RL2_IL1RAP,Il1f8_IL1RL2_IL1RAP
Il1f9,IL1RL2_IL1RAP,Il1f9_IL1RL2_IL1RAP
Il1f10,IL1RL2_IL1RAP,Il1f10_IL1RL2_IL1RAP
Il18,IL18R1_IL18RAP,Il18_IL18R1_IL18RAP
Il33,IL1RL1_IL1RAP,Il33_IL1RL1_IL1RAP
Il17a,IL17RA_IL17RC,Il17a_IL17RA_IL17RC
Il17f,IL17RA_IL17RC,Il17f_IL17RA_IL17RC
IL17AF,IL17RA_IL17RC,IL17AF_IL17RA_IL17RC
Il17b,Il17rb,Il17b_Il17rb
Il17c,IL17RA_IL17RE,Il17c_IL17RA_IL17RE
Il25,IL17RA_IL17RB,Il25_IL17RA_IL17RB
Il34,Csf1r,Il34_Csf1r
Csf1,Csf1r,Csf1_Csf1r
Il16,Cd4,Il16_Cd4
Epo,Epor,Epo_Epor
Gh,Ghr,Gh_Ghr
Prl,Prlr,Prl_Prlr
Thpo,Mpl,Thpo_Mpl
Csf3,Csf3r,Csf3_Csf3r
Ifna,IFNAR1_IFNAR2,Ifna_IFNAR1_IFNAR2
Ifnb1,IFNAR1_IFNAR2,Ifnb1_IFNAR1_IFNAR2
Ifnk,IFNAR1_IFNAR2,Ifnk_IFNAR1_IFNAR2
Ifne,IFNAR1_IFNAR2,Ifne_IFNAR1_IFNAR2
Ifna11,IFNAR1_IFNAR2,Ifna11_IFNAR1_IFNAR2
Ifna1,IFNAR1_IFNAR2,Ifna1_IFNAR1_IFNAR2
Ifna2,IFNAR1_IFNAR2,Ifna2_IFNAR1_IFNAR2
Ifna4,IFNAR1_IFNAR2,Ifna4_IFNAR1_IFNAR2
Ifna5,IFNAR1_IFNAR2,Ifna5_IFNAR1_IFNAR2
Ifna6,IFNAR1_IFNAR2,Ifna6_IFNAR1_IFNAR2
Ifna7,IFNAR1_IFNAR2,Ifna7_IFNAR1_IFNAR2
Ifna9,IFNAR1_IFNAR2,Ifna9_IFNAR1_IFNAR2
Ifnab,IFNAR1_IFNAR2,Ifnab_IFNAR1_IFNAR2
Ifna12,IFNAR1_IFNAR2,Ifna12_IFNAR1_IFNAR2
Ifna13,IFNAR1_IFNAR2,Ifna13_IFNAR1_IFNAR2
Ifna14,IFNAR1_IFNAR2,Ifna14_IFNAR1_IFNAR2
Ifna15,IFNAR1_IFNAR2,Ifna15_IFNAR1_IFNAR2
Ifng,IFNGR1_IFNGR2,Ifng_IFNGR1_IFNGR2
Ifnl2,IFNLR1_IL10RB,Ifnl2_IFNLR1_IL10RB
Ifnl3,IFNLR1_IL10RB,Ifnl3_IFNLR1_IL10RB
Tnf,Tnfrsf1a,Tnf_Tnfrsf1a
Tnf,Tnfrsf1b,Tnf_Tnfrsf1b
Lta,Tnfrsf1a,Lta_Tnfrsf1a
Lta,Tnfrsf1b,Lta_Tnfrsf1b
Lta,Tnfrsf14,Lta_Tnfrsf14
LTa1b2,Ltbr,LTa1b2_Ltbr
Tnfsf14,Ltbr,Tnfsf14_Ltbr
Tnfsf14,Tnfrsf14,Tnfsf14_Tnfrsf14
Fasl,Fas,Fasl_Fas
Tnfsf15,Tnfrsf25,Tnfsf15_Tnfrsf25
Tnfsf10,Tnfrsf10b,Tnfsf10_Tnfrsf10b
Eda,Edar,Eda_Edar
Eda,Eda2r,Eda_Eda2r
Ngf,Ngfr,Ngf_Ngfr
Klk1b4,Ngfr,Klk1b4_Ngfr
Tnfsf11,Tnfrsf11a,Tnfsf11_Tnfrsf11a
Tnfsf11,Tnfrsf11b,Tnfsf11_Tnfrsf11b
Tnfsf12,Tnfrsf12a,Tnfsf12_Tnfrsf12a
Cd70,Cd27,Cd70_Cd27
Tnfsf8,Tnfrsf8,Tnfsf8_Tnfrsf8
Tnfsf9,Tnfrsf9,Tnfsf9_Tnfrsf9
Tnfsf4,Tnfrsf4,Tnfsf4_Tnfrsf4
Tnfsf18,Tnfrsf18,Tnfsf18_Tnfrsf18
Tnfsf13,Tnfrsf17,Tnfsf13_Tnfrsf17
Tnfsf13,Tnfrsf13b,Tnfsf13_Tnfrsf13b
Tnfsf13b,Tnfrsf17,Tnfsf13b_Tnfrsf17
Tnfsf13b,Tnfrsf13b,Tnfsf13b_Tnfrsf13b
Tnfsf13b,Tnfrsf13c,Tnfsf13b_Tnfrsf13c
Cd40lg,ITGA2B_ITGB3,Cd40lg_ITGA2B_ITGB3
Cd40lg,ITGA5_ITGB1,Cd40lg_ITGA5_ITGB1
Cd40lg,ITGAM_ITGB2,Cd40lg_ITGAM_ITGB2
Spp1,Cd44,Spp1_Cd44
Spp1,ITGAV_ITGB3,Spp1_ITGAV_ITGB3
Spp1,ITGAV_ITGB1,Spp1_ITGAV_ITGB1
Spp1,ITGAV_ITGB5,Spp1_ITGAV_ITGB5
Spp1,ITGAV_ITGB6,Spp1_ITGAV_ITGB6
Spp1,ITGA4_ITGB1,Spp1_ITGA4_ITGB1
Spp1,ITGA9_ITGB1,Spp1_ITGA9_ITGB1
Spp1,ITGA8_ITGB1,Spp1_ITGA8_ITGB1
Spp1,ITGA5_ITGB1,Spp1_ITGA5_ITGB1
Adipoq,Adipor1,Adipoq_Adipor1
Adipoq,Adipor2,Adipoq_Adipor2
Retn,Tlr4,Retn_Tlr4
Retn,Cap1,Retn_Cap1
Nampt,Insr,Nampt_Insr
Nampt,ITGA5_ITGB1,Nampt_ITGA5_ITGB1
Angptl1,ITGA1_ITGB1,Angptl1_ITGA1_ITGB1
Angptl2,ITGA5_ITGB1,Angptl2_ITGA5_ITGB1
Angptl2,Tlr4,Angptl2_Tlr4
Angptl2,Pirb,Angptl2_Pirb
Angptl1,Pirb,Angptl1_Pirb
Angptl7,Pirb,Angptl7_Pirb
Angptl4,ITGA5_ITGB1,Angptl4_ITGA5_ITGB1
Angptl4,ITGAV_ITGB3,Angptl4_ITGAV_ITGB3
Angptl4,Cdh5,Angptl4_Cdh5
Angptl4,Cdh11,Angptl4_Cdh11
Angptl4,Sdc1,Angptl4_Sdc1
Angptl4,Sdc2,Angptl4_Sdc2
Angptl4,Sdc3,Angptl4_Sdc3
Angptl4,Sdc4,Angptl4_Sdc4
Angptl3,ITGAV_ITGB3,Angptl3_ITGAV_ITGB3
Angpt1,Tek,Angpt1_Tek
Angpt2,Tek,Angpt2_Tek
Angpt2,ITGA5_ITGB1,Angpt2_ITGA5_ITGB1
Mdk,Sdc1,Mdk_Sdc1
Mdk,Sdc2,Mdk_Sdc2
Mdk,Sdc4,Mdk_Sdc4
Mdk,Ptprz1,Mdk_Ptprz1
Mdk,ITGA4_ITGB1,Mdk_ITGA4_ITGB1
Mdk,ITGA6_ITGB1,Mdk_ITGA6_ITGB1
Mdk,Lrp1,Mdk_Lrp1
Mdk,Ncl,Mdk_Ncl
Mdk,Alk,Mdk_Alk
Ptn,Ptprz1,Ptn_Ptprz1
Ptn,Sdc1,Ptn_Sdc1
Ptn,Sdc2,Ptn_Sdc2
Ptn,Sdc3,Ptn_Sdc3
Ptn,Sdc4,Ptn_Sdc4
Ptn,ITGAV_ITGB3,Ptn_ITGAV_ITGB3
Ptn,Ncl,Ptn_Ncl
Ptn,Alk,Ptn_Alk
Postn,ITGAV_ITGB3,Postn_ITGAV_ITGB3
Postn,ITGAV_ITGB5,Postn_ITGAV_ITGB5
Agt,Agtr1a,Agt_Agtr1a
Agt,Agtr1b,Agt_Agtr1b
Grp,Grpr,Grp_Grpr
Nmb,Nmbr,Nmb_Nmbr
Kng1,Bdkrb1,Kng1_Bdkrb1
Kng1,Bdkrb2,Kng1_Bdkrb2
Kng2,Bdkrb1,Kng2_Bdkrb1
Kng2,Bdkrb2,Kng2_Bdkrb2
C3,C3ar1,C3_C3ar1
C3,Cr2,C3_Cr2
C3,ITGAM_ITGB2,C3_ITGAM_ITGB2
C3,ITGAX_ITGB2,C3_ITGAX_ITGB2
C4a,C3ar1,C4a_C3ar1
C4b,Cr2,C4b_Cr2
Hc,C5ar1,Hc_C5ar1
Cck,Cckar,Cck_Cckar
Cck,Cckbr,Cck_Cckbr
Edn1,Ednra,Edn1_Ednra
Edn2,Ednra,Edn2_Ednra
Edn3,Ednra,Edn3_Ednra
Edn1,Ednrb,Edn1_Ednrb
Edn2,Ednrb,Edn2_Ednrb
Edn3,Ednrb,Edn3_Ednrb
Gal,Galr1,Gal_Galr1
Gal,Galr2,Gal_Galr2
Gal,Galr3,Gal_Galr3
Galp,Galr1,Galp_Galr1
Galp,Galr2,Galp_Galr2
Ghrl,Ghsr,Ghrl_Ghsr
Kiss1,Kiss1r,Kiss1_Kiss1r
Pomc,Mc1r,Pomc_Mc1r
Pomc,Mc2r,Pomc_Mc2r
Pomc,Mc3r,Pomc_Mc3r
Pomc,Mc4r,Pomc_Mc4r
Pomc,Mc5r,Pomc_Mc5r
Nmu,Nmur1,Nmu_Nmur1
Nmu,Nmur2,Nmu_Nmur2
Nms,Nmur1,Nms_Nmur1
Nms,Nmur2,Nms_Nmur2
Npff,Npffr1,Npff_Npffr1
Npff,Npffr2,Npff_Npffr2
Npy,Npy1r,Npy_Npy1r
Npy,Npy2r,Npy_Npy2r
Npy,Npy4r,Npy_Npy4r
Npy,Npy5r,Npy_Npy5r
Npy,Npy6r,Npy_Npy6r
Npy,Gpr83,Npy_Gpr83
Npy,Pgr15l,Npy_Pgr15l
Ppy,Npy1r,Ppy_Npy1r
Ppy,Npy2r,Ppy_Npy2r
Ppy,Npy4r,Ppy_Npy4r
Ppy,Npy5r,Ppy_Npy5r
Ppy,Npy6r,Ppy_Npy6r
Ppy,Gpr83,Ppy_Gpr83
Ppy,Pgr15l,Ppy_Pgr15l
Pyy,Npy1r,Pyy_Npy1r
Pyy,Npy2r,Pyy_Npy2r
Pyy,Npy4r,Pyy_Npy4r
Pyy,Npy5r,Pyy_Npy5r
Pyy,Npy6r,Pyy_Npy6r
Pyy,Gpr83,Pyy_Gpr83
Pyy,Pgr15l,Pyy_Pgr15l
Npb,Npbwr1,Npb_Npbwr1
Npw,Npbwr1,Npw_Npbwr1
Nts,Ntsr1,Nts_Ntsr1
Nts,Ntsr2,Nts_Ntsr2
Pdyn,Oprd1,Pdyn_Oprd1
Pdyn,Oprk1,Pdyn_Oprk1
Pdyn,Oprl1,Pdyn_Oprl1
Pdyn,Oprm1,Pdyn_Oprm1
Penk,Oprd1,Penk_Oprd1
Penk,Oprk1,Penk_Oprk1
Penk,Oprl1,Penk_Oprl1
Penk,Oprm1,Penk_Oprm1
Pomc,Oprd1,Pomc_Oprd1
Pomc,Oprk1,Pomc_Oprk1
Pomc,Oprl1,Pomc_Oprl1
Pomc,Oprm1,Pomc_Oprm1
Hcrt,Hcrtr1,Hcrt_Hcrtr1
Hcrt,Hcrtr2,Hcrt_Hcrtr2
Oxt,Oxtr,Oxt_Oxtr
Sst,Sstr1,Sst_Sstr1
Sst,Sstr2,Sst_Sstr2
Sst,Sstr3,Sst_Sstr3
Sst,Sstr4,Sst_Sstr4
Sst,Sstr5,Sst_Sstr5
Cort,Sstr1,Cort_Sstr1
Cort,Sstr2,Cort_Sstr2
Cort,Sstr3,Cort_Sstr3
Cort,Sstr4,Cort_Sstr4
Cort,Sstr5,Cort_Sstr5
Tac1,Tacr1,Tac1_Tacr1
Tac4,Tacr1,Tac4_Tacr1
Tac1,Tacr2,Tac1_Tacr2
Tac2,Tacr3,Tac2_Tacr3
Uts2,Uts2r,Uts2_Uts2r
Avp,Avpr2,Avp_Avpr2
Avp,Avpr1a,Avp_Avpr1a
Avp,Avpr1b,Avp_Avpr1b
Prlh,Prlhr,Prlh_Prlhr
Gm10334,F2r,Gm10334_F2r
Try5,F2r,Try5_F2r
Ctsg,F2r,Ctsg_F2r
F2,F2r,F2_F2r
Gzma,F2r,Gzma_F2r
Prss2,F2r,Prss2_F2r
Try4,F2r,Try4_F2r
Try10,F2r,Try10_F2r
Gm10334,F2rl1,Gm10334_F2rl1
Try5,F2rl1,Try5_F2rl1
Ctsg,F2rl1,Ctsg_F2rl1
F2,F2rl1,F2_F2rl1
Gzma,F2rl1,Gzma_F2rl1
Prss2,F2rl1,Prss2_F2rl1
Try4,F2rl1,Try4_F2rl1
Try10,F2rl1,Try10_F2rl1
Gm10334,F2rl2,Gm10334_F2rl2
Try5,F2rl2,Try5_F2rl2
Ctsg,F2rl2,Ctsg_F2rl2
F2,F2rl2,F2_F2rl2
Gzma,F2rl2,Gzma_F2rl2
Prss2,F2rl2,Prss2_F2rl2
Try4,F2rl2,Try4_F2rl2
Try10,F2rl2,Try10_F2rl2
Gm10334,F2rl3,Gm10334_F2rl3
Try5,F2rl3,Try5_F2rl3
Ctsg,F2rl3,Ctsg_F2rl3
F2,F2rl3,F2_F2rl3
Gzma,F2rl3,Gzma_F2rl3
Plg,F2rl3,Plg_F2rl3
Prss2,F2rl3,Prss2_F2rl3
Try4,F2rl3,Try4_F2rl3
Try10,F2rl3,Try10_F2rl3
Gm10334,Pard3,Gm10334_Pard3
Try5,Pard3,Try5_Pard3
Ctsg,Pard3,Ctsg_Pard3
F2,Pard3,F2_Pard3
Gzma,Pard3,Gzma_Pard3
Plg,Pard3,Plg_Pard3
Prss2,Pard3,Prss2_Pard3
Try4,Pard3,Try4_Pard3
Try10,Pard3,Try10_Pard3
Pmch,Mchr1,Pmch_Mchr1
Prok1,Prokr2,Prok1_Prokr2
Prok1,Prokr1,Prok1_Prokr1
Prok2,Prokr1,Prok2_Prokr1
Prok2,Prokr2,Prok2_Prokr2
Adcyap1,Adcyap1r1,Adcyap1_Adcyap1r1
Vip,Vipr1,Vip_Vipr1
Vip,Vipr2,Vip_Vipr2
Nppa,Npr1,Nppa_Npr1
Nppb,Npr1,Nppb_Npr1
Nppc,Npr2,Nppc_Npr2
Kitl,Kit,Kitl_Kit
Gcg,Gipr,Gcg_Gipr
Gip,Gipr,Gip_Gipr
Fshb,Fshr,Fshb_Fshr
Cga,Fshr,Cga_Fshr
Lhb,Lhcgr,Lhb_Lhcgr
Cga,Lhcgr,Cga_Lhcgr
Tshb,Tshr,Tshb_Tshr
Cga,Tshr,Cga_Tshr
Bdnf,Ntrk2,Bdnf_Ntrk2
Ngf,Ntrk1,Ngf_Ntrk1
Flt3l,Flt3,Flt3l_Flt3
Hgf,Met,Hgf_Met
Klk1b4,Ntrk1,Klk1b4_Ntrk1
Ntf3,Ntrk1,Ntf3_Ntrk1
Ntf3,Ntrk2,Ntf3_Ntrk2
Ntf3,Ntrk3,Ntf3_Ntrk3
Ntf5,Ntrk2,Ntf5_Ntrk2
Sema3a,NRP1_PLXNA1,Sema3a_NRP1_PLXNA1
Sema3a,NRP1_PLXNA2,Sema3a_NRP1_PLXNA2
Sema3a,NRP1_PLXNA3,Sema3a_NRP1_PLXNA3
Sema3a,NRP1_PLXNA4,Sema3a_NRP1_PLXNA4
Sema3b,NRP1_PLXNA1,Sema3b_NRP1_PLXNA1
Sema3b,NRP1_PLXNA2,Sema3b_NRP1_PLXNA2
Sema3b,NRP1_PLXNA3,Sema3b_NRP1_PLXNA3
Sema3b,NRP1_PLXNA4,Sema3b_NRP1_PLXNA4
Sema3c,NRP1_PLXNA1,Sema3c_NRP1_PLXNA1
Sema3c,NRP1_PLXNA2,Sema3c_NRP1_PLXNA2
Sema3c,NRP1_PLXNA3,Sema3c_NRP1_PLXNA3
Sema3c,NRP1_PLXNA4,Sema3c_NRP1_PLXNA4
Sema3d,NRP1_PLXNA1,Sema3d_NRP1_PLXNA1
Sema3d,NRP1_PLXNA2,Sema3d_NRP1_PLXNA2
Sema3d,NRP1_PLXNA3,Sema3d_NRP1_PLXNA3
Sema3d,NRP1_PLXNA4,Sema3d_NRP1_PLXNA4
Sema3b,NRP2_PLXNA1,Sema3b_NRP2_PLXNA1
Sema3b,NRP2_PLXNA2,Sema3b_NRP2_PLXNA2
Sema3b,NRP2_PLXNA3,Sema3b_NRP2_PLXNA3
Sema3b,NRP2_PLXNA4,Sema3b_NRP2_PLXNA4
Sema3c,NRP2_PLXNA1,Sema3c_NRP2_PLXNA1
Sema3c,NRP2_PLXNA2,Sema3c_NRP2_PLXNA2
Sema3c,NRP2_PLXNA3,Sema3c_NRP2_PLXNA3
Sema3c,NRP2_PLXNA4,Sema3c_NRP2_PLXNA4
Sema3d,NRP2_PLXNA1,Sema3d_NRP2_PLXNA1
Sema3d,NRP2_PLXNA2,Sema3d_NRP2_PLXNA2
Sema3d,NRP2_PLXNA3,Sema3d_NRP2_PLXNA3
Sema3d,NRP2_PLXNA4,Sema3d_NRP2_PLXNA4
Sema3f,NRP2_PLXNA1,Sema3f_NRP2_PLXNA1
Sema3f,NRP2_PLXNA2,Sema3f_NRP2_PLXNA2
Sema3f,NRP2_PLXNA3,Sema3f_NRP2_PLXNA3
Sema3f,NRP2_PLXNA4,Sema3f_NRP2_PLXNA4
Sema3g,NRP2_PLXNA1,Sema3g_NRP2_PLXNA1
Sema3g,NRP2_PLXNA2,Sema3g_NRP2_PLXNA2
Sema3g,NRP2_PLXNA3,Sema3g_NRP2_PLXNA3
Sema3g,NRP2_PLXNA4,Sema3g_NRP2_PLXNA4
Sema3c,NRP1_NRP2,Sema3c_NRP1_NRP2
Sema3c,Plxnd1,Sema3c_Plxnd1
Sema3e,Plxnd1,Sema3e_Plxnd1
Adm,Calcr,Adm_Calcr
Adm,Calcrl,Adm_Calcrl
Agt,Mas1,Agt_Mas1
Anxa1,Fpr2,Anxa1_Fpr2
Anxa1,Fpr1,Anxa1_Fpr1
Apela,Aplnr,Apela_Aplnr
Calca,Calcr,Calca_Calcr
Calca,Calcrl,Calca_Calcrl
Calcb,Calcr,Calcb_Calcr
Calcb,Calcrl,Calcb_Calcrl
Crh,Crhr1,Crh_Crhr1
Crh,Crhr2,Crh_Crhr2
Enho,Gpr19,Enho_Gpr19
Gas6,Axl,Gas6_Axl
Gas6,Mertk,Gas6_Mertk
Gas6,Tyro3,Gas6_Tyro3
Gcg,Gcgr,Gcg_Gcgr
Gcg,Glp1r,Gcg_Glp1r
Gcg,Glp2r,Gcg_Glp2r
Gh,Ghr,Gh_Ghr
Gh,Prlr,Gh_Prlr
Ghrh,Vipr1,Ghrh_Vipr1
Ghrh,Vipr2,Ghrh_Vipr2
Ghrh,Ghsr,Ghrh_Ghsr
Ghrh,Ghrhr,Ghrh_Ghrhr
Gnrh1,Gnrhr,Gnrh1_Gnrhr
Grn,Sort1,Grn_Sort1
Guca2a,Gucy2c,Guca2a_Gucy2c
Guca2b,Gucy2c,Guca2b_Gucy2c
Iapp,Calcr,Iapp_Calcr
Iapp,Calcrl,Iapp_Calcrl
Insl3,Rxfp2,Insl3_Rxfp2
Insl3,Rxfp1,Insl3_Rxfp1
Insl3,Rxfp4,Insl3_Rxfp4
Insl3,Rxfp3,Insl3_Rxfp3
Insl5,Rxfp4,Insl5_Rxfp4
Insl5,Rxfp3,Insl5_Rxfp3
Insl5,Rxfp2,Insl5_Rxfp2
Insl5,Rxfp1,Insl5_Rxfp1
Lep,Lepr,Lep_Lepr
Lgals9,Ptprc,Lgals9_Ptprc
Lgals9,Ighm,Lgals9_Ighm
Nps,Npsr1,Nps_Npsr1
Npvf,Npffr1,Npvf_Npffr1
Npvf,Npffr2,Npvf_Npffr2
Ostn,Npr3,Ostn_Npr3
Pmch,Mertk,Pmch_Mertk
Pros1,Axl,Pros1_Axl
Pros1,Tyro3,Pros1_Tyro3
Psap,Gpr37l1,Psap_Gpr37l1
Psap,Gpr37,Psap_Gpr37
Pth,Pth1r,Pth_Pth1r
Pth,Pth2r,Pth_Pth2r
Pth2,Pth1r,Pth2_Pth1r
Pth2,Pth2r,Pth2_Pth2r
Pthlh,Pth1r,Pthlh_Pth1r
Qrfp,Qrfpr,Qrfp_Qrfpr
Rarres2,Gpr1,Rarres2_Gpr1
Rarres2,Cmklr1,Rarres2_Cmklr1
Rln1,Rxfp2,Rln1_Rxfp2
Rln1,Rxfp1,Rln1_Rxfp1
Rln1,Rxfp3,Rln1_Rxfp3
Rln1,Rxfp4,Rln1_Rxfp4
Rln3,Rxfp3,Rln3_Rxfp3
Rln3,Rxfp1,Rln3_Rxfp1
Rln3,Rxfp4,Rln3_Rxfp4
Rln3,Rxfp2,Rln3_Rxfp2
Saa2,Fpr2,Saa2_Fpr2
Scgb3a2,Marco,Scgb3a2_Marco
Sct,Sctr,Sct_Sctr
Slurp1,Chrnb1,Slurp1_Chrnb1
Slurp1,Chrnb2,Slurp1_Chrnb2
Slurp1,Chrnb3,Slurp1_Chrnb3
Slurp1,Chrnb4,Slurp1_Chrnb4
Slurp1,Chrna1,Slurp1_Chrna1
Slurp1,Chrna2,Slurp1_Chrna2
Slurp1,Chrna3,Slurp1_Chrna3
Slurp1,Chrna4,Slurp1_Chrna4
Slurp1,Chrna5,Slurp1_Chrna5
Slurp1,Chrna6,Slurp1_Chrna6
Slurp1,Chrna9,Slurp1_Chrna9
Slurp1,Chrna10,Slurp1_Chrna10
Slurp1,Chrnd,Slurp1_Chrnd
Slurp1,Chrne,Slurp1_Chrne
Slurp1,Chrng,Slurp1_Chrng
Slurp1,Chrna7,Slurp1_Chrna7
Slurp2,Chrnb1,Slurp2_Chrnb1
Slurp2,Chrnb2,Slurp2_Chrnb2
Slurp2,Chrnb3,Slurp2_Chrnb3
Slurp2,Chrnb4,Slurp2_Chrnb4
Slurp2,Chrna1,Slurp2_Chrna1
Slurp2,Chrna2,Slurp2_Chrna2
Slurp2,Chrna3,Slurp2_Chrna3
Slurp2,Chrna4,Slurp2_Chrna4
Slurp2,Chrna5,Slurp2_Chrna5
Slurp2,Chrna6,Slurp2_Chrna6
Slurp2,Chrna7,Slurp2_Chrna7
Slurp2,Chrna9,Slurp2_Chrna9
Slurp2,Chrna10,Slurp2_Chrna10
Slurp2,Chrnd,Slurp2_Chrnd
Slurp2,Chrne,Slurp2_Chrne
Slurp2,Chrng,Slurp2_Chrng
Btla,Tnfrsf14,Btla_Tnfrsf14
Trh,Trhr,Trh_Trhr
Trh,Trhr2,Trh_Trhr2
Ucn,Crhr1,Ucn_Crhr1
Ucn,Crhr2,Ucn_Crhr2
Ucn2,Crhr1,Ucn2_Crhr1
Ucn2,Crhr2,Ucn2_Crhr2
Ucn3,Crhr1,Ucn3_Crhr1
Ucn3,Crhr2,Ucn3_Crhr2
Uts2b,Uts2r,Uts2b_Uts2r
Uts2b,Sstr5,Uts2b_Sstr5
Bag6,Ncr3-ps,Bag6_Ncr3-ps
Lgals9,Havcr2,Lgals9_Havcr2
Lgals9,Cd44,Lgals9_Cd44
Col1a1,ITGA1_ITGB1,Col1a1_ITGA1_ITGB1
Col1a2,ITGA1_ITGB1,Col1a2_ITGA1_ITGB1
Col2a1,ITGA1_ITGB1,Col2a1_ITGA1_ITGB1
Col4a1,ITGA1_ITGB1,Col4a1_ITGA1_ITGB1
Col4a2,ITGA1_ITGB1,Col4a2_ITGA1_ITGB1
Col4a3,ITGA1_ITGB1,Col4a3_ITGA1_ITGB1
Col4a4,ITGA1_ITGB1,Col4a4_ITGA1_ITGB1
Col4a5,ITGA1_ITGB1,Col4a5_ITGA1_ITGB1
Col4a6,ITGA1_ITGB1,Col4a6_ITGA1_ITGB1
Col6a1,ITGA1_ITGB1,Col6a1_ITGA1_ITGB1
Col6a2,ITGA1_ITGB1,Col6a2_ITGA1_ITGB1
Col6a3,ITGA1_ITGB1,Col6a3_ITGA1_ITGB1
Col6a4,ITGA1_ITGB1,Col6a4_ITGA1_ITGB1
Col6a5,ITGA1_ITGB1,Col6a5_ITGA1_ITGB1
Col6a6,ITGA1_ITGB1,Col6a6_ITGA1_ITGB1
Col9a1,ITGA1_ITGB1,Col9a1_ITGA1_ITGB1
Col9a2,ITGA1_ITGB1,Col9a2_ITGA1_ITGB1
Col9a3,ITGA1_ITGB1,Col9a3_ITGA1_ITGB1
Col1a1,ITGA2_ITGB1,Col1a1_ITGA2_ITGB1
Col1a2,ITGA2_ITGB1,Col1a2_ITGA2_ITGB1
Col2a1,ITGA2_ITGB1,Col2a1_ITGA2_ITGB1
Col4a1,ITGA2_ITGB1,Col4a1_ITGA2_ITGB1
Col4a2,ITGA2_ITGB1,Col4a2_ITGA2_ITGB1
Col4a3,ITGA2_ITGB1,Col4a3_ITGA2_ITGB1
Col4a4,ITGA2_ITGB1,Col4a4_ITGA2_ITGB1
Col4a5,ITGA2_ITGB1,Col4a5_ITGA2_ITGB1
Col4a6,ITGA2_ITGB1,Col4a6_ITGA2_ITGB1
Col6a1,ITGA2_ITGB1,Col6a1_ITGA2_ITGB1
Col6a2,ITGA2_ITGB1,Col6a2_ITGA2_ITGB1
Col6a3,ITGA2_ITGB1,Col6a3_ITGA2_ITGB1
Col6a4,ITGA2_ITGB1,Col6a4_ITGA2_ITGB1
Col6a5,ITGA2_ITGB1,Col6a5_ITGA2_ITGB1
Col6a6,ITGA2_ITGB1,Col6a6_ITGA2_ITGB1
Col9a1,ITGA2_ITGB1,Col9a1_ITGA2_ITGB1
Col9a2,ITGA2_ITGB1,Col9a2_ITGA2_ITGB1
Col9a3,ITGA2_ITGB1,Col9a3_ITGA2_ITGB1
Fn1,ITGA3_ITGB1,Fn1_ITGA3_ITGB1
Fn1,ITGA4_ITGB1,Fn1_ITGA4_ITGB1
Fn1,ITGA5_ITGB1,Fn1_ITGA5_ITGB1
Fn1,ITGA8_ITGB1,Fn1_ITGA8_ITGB1
Lama1,ITGA1_ITGB1,Lama1_ITGA1_ITGB1
Lama2,ITGA1_ITGB1,Lama2_ITGA1_ITGB1
Lama3,ITGA1_ITGB1,Lama3_ITGA1_ITGB1
Lama4,ITGA1_ITGB1,Lama4_ITGA1_ITGB1
Lama5,ITGA1_ITGB1,Lama5_ITGA1_ITGB1
Lamb1,ITGA1_ITGB1,Lamb1_ITGA1_ITGB1
Lamb2,ITGA1_ITGB1,Lamb2_ITGA1_ITGB1
Lamb3,ITGA1_ITGB1,Lamb3_ITGA1_ITGB1
Lamc1,ITGA1_ITGB1,Lamc1_ITGA1_ITGB1
Lamc2,ITGA1_ITGB1,Lamc2_ITGA1_ITGB1
Lamc3,ITGA1_ITGB1,Lamc3_ITGA1_ITGB1
Lama1,ITGA2_ITGB1,Lama1_ITGA2_ITGB1
Lama2,ITGA2_ITGB1,Lama2_ITGA2_ITGB1
Lama3,ITGA2_ITGB1,Lama3_ITGA2_ITGB1
Lama4,ITGA2_ITGB1,Lama4_ITGA2_ITGB1
Lama5,ITGA2_ITGB1,Lama5_ITGA2_ITGB1
Lamb1,ITGA2_ITGB1,Lamb1_ITGA2_ITGB1
Lamb2,ITGA2_ITGB1,Lamb2_ITGA2_ITGB1
Lamb3,ITGA2_ITGB1,Lamb3_ITGA2_ITGB1
Lamc1,ITGA2_ITGB1,Lamc1_ITGA2_ITGB1
Lamc2,ITGA2_ITGB1,Lamc2_ITGA2_ITGB1
Lamc3,ITGA2_ITGB1,Lamc3_ITGA2_ITGB1
Chad,ITGA2_ITGB1,Chad_ITGA2_ITGB1
Lama1,ITGA3_ITGB1,Lama1_ITGA3_ITGB1
Lama2,ITGA3_ITGB1,Lama2_ITGA3_ITGB1
Lama3,ITGA3_ITGB1,Lama3_ITGA3_ITGB1
Lama4,ITGA3_ITGB1,Lama4_ITGA3_ITGB1
Lama5,ITGA3_ITGB1,Lama5_ITGA3_ITGB1
Lamb1,ITGA3_ITGB1,Lamb1_ITGA3_ITGB1
Lamb2,ITGA3_ITGB1,Lamb2_ITGA3_ITGB1
Lamb3,ITGA3_ITGB1,Lamb3_ITGA3_ITGB1
Lamc1,ITGA3_ITGB1,Lamc1_ITGA3_ITGB1
Lamc2,ITGA3_ITGB1,Lamc2_ITGA3_ITGB1
Lamc3,ITGA3_ITGB1,Lamc3_ITGA3_ITGB1
Reln,ITGA3_ITGB1,Reln_ITGA3_ITGB1
Thbs1,ITGA3_ITGB1,Thbs1_ITGA3_ITGB1
Thbs2,ITGA3_ITGB1,Thbs2_ITGA3_ITGB1
Thbs3,ITGA3_ITGB1,Thbs3_ITGA3_ITGB1
Thbs4,ITGA3_ITGB1,Thbs4_ITGA3_ITGB1
Comp,ITGA3_ITGB1,Comp_ITGA3_ITGB1
Col1a1,ITGA3_ITGB1,Col1a1_ITGA3_ITGB1
Col1a2,ITGA3_ITGB1,Col1a2_ITGA3_ITGB1
Col2a1,ITGA3_ITGB1,Col2a1_ITGA3_ITGB1
Col4a1,ITGA3_ITGB1,Col4a1_ITGA3_ITGB1
Col4a2,ITGA3_ITGB1,Col4a2_ITGA3_ITGB1
Col4a3,ITGA3_ITGB1,Col4a3_ITGA3_ITGB1
Col4a4,ITGA3_ITGB1,Col4a4_ITGA3_ITGB1
Col4a5,ITGA3_ITGB1,Col4a5_ITGA3_ITGB1
Col4a6,ITGA3_ITGB1,Col4a6_ITGA3_ITGB1
Col6a1,ITGA3_ITGB1,Col6a1_ITGA3_ITGB1
Col6a2,ITGA3_ITGB1,Col6a2_ITGA3_ITGB1
Col6a3,ITGA3_ITGB1,Col6a3_ITGA3_ITGB1
Col6a4,ITGA3_ITGB1,Col6a4_ITGA3_ITGB1
Col6a5,ITGA3_ITGB1,Col6a5_ITGA3_ITGB1
Col6a6,ITGA3_ITGB1,Col6a6_ITGA3_ITGB1
Col9a1,ITGA3_ITGB1,Col9a1_ITGA3_ITGB1
Col9a2,ITGA3_ITGB1,Col9a2_ITGA3_ITGB1
Col9a3,ITGA3_ITGB1,Col9a3_ITGA3_ITGB1
Lama1,ITGA6_ITGB1,Lama1_ITGA6_ITGB1
Lama2,ITGA6_ITGB1,Lama2_ITGA6_ITGB1
Lama3,ITGA6_ITGB1,Lama3_ITGA6_ITGB1
Lama4,ITGA6_ITGB1,Lama4_ITGA6_ITGB1
Lama5,ITGA6_ITGB1,Lama5_ITGA6_ITGB1
Lamb1,ITGA6_ITGB1,Lamb1_ITGA6_ITGB1
Lamb2,ITGA6_ITGB1,Lamb2_ITGA6_ITGB1
Lamb3,ITGA6_ITGB1,Lamb3_ITGA6_ITGB1
Lamc1,ITGA6_ITGB1,Lamc1_ITGA6_ITGB1
Lamc2,ITGA6_ITGB1,Lamc2_ITGA6_ITGB1
Lamc3,ITGA6_ITGB1,Lamc3_ITGA6_ITGB1
Lama1,ITGA7_ITGB1,Lama1_ITGA7_ITGB1
Lama2,ITGA7_ITGB1,Lama2_ITGA7_ITGB1
Lama3,ITGA7_ITGB1,Lama3_ITGA7_ITGB1
Lama4,ITGA7_ITGB1,Lama4_ITGA7_ITGB1
Lama5,ITGA7_ITGB1,Lama5_ITGA7_ITGB1
Lamb1,ITGA7_ITGB1,Lamb1_ITGA7_ITGB1
Lamb2,ITGA7_ITGB1,Lamb2_ITGA7_ITGB1
Lamb3,ITGA7_ITGB1,Lamb3_ITGA7_ITGB1
Lamc1,ITGA7_ITGB1,Lamc1_ITGA7_ITGB1
Lamc2,ITGA7_ITGB1,Lamc2_ITGA7_ITGB1
Lamc3,ITGA7_ITGB1,Lamc3_ITGA7_ITGB1
Vtn,ITGA8_ITGB1,Vtn_ITGA8_ITGB1
Tnc,ITGA8_ITGB1,Tnc_ITGA8_ITGB1
Tnr,ITGA8_ITGB1,Tnr_ITGA8_ITGB1
Tnn,ITGA8_ITGB1,Tnn_ITGA8_ITGB1
Tnxb,ITGA8_ITGB1,Tnxb_ITGA8_ITGB1
Npnt complex 1,ITGA8_ITGB1,Npnt complex 1_ITGA8_ITGB1
Npnt complex 2,ITGA8_ITGB1,Npnt complex 2_ITGA8_ITGB1
Tnc,ITGA9_ITGB1,Tnc_ITGA9_ITGB1
Tnr,ITGA9_ITGB1,Tnr_ITGA9_ITGB1
Tnn,ITGA9_ITGB1,Tnn_ITGA9_ITGB1
Tnxb,ITGA9_ITGB1,Tnxb_ITGA9_ITGB1
Col1a1,ITGA9_ITGB1,Col1a1_ITGA9_ITGB1
Col1a2,ITGA9_ITGB1,Col1a2_ITGA9_ITGB1
Col2a1,ITGA9_ITGB1,Col2a1_ITGA9_ITGB1
Col4a1,ITGA9_ITGB1,Col4a1_ITGA9_ITGB1
Col4a2,ITGA9_ITGB1,Col4a2_ITGA9_ITGB1
Col4a3,ITGA9_ITGB1,Col4a3_ITGA9_ITGB1
Col4a4,ITGA9_ITGB1,Col4a4_ITGA9_ITGB1
Col4a5,ITGA9_ITGB1,Col4a5_ITGA9_ITGB1
Col4a6,ITGA9_ITGB1,Col4a6_ITGA9_ITGB1
Col6a1,ITGA9_ITGB1,Col6a1_ITGA9_ITGB1
Col6a2,ITGA9_ITGB1,Col6a2_ITGA9_ITGB1
Col6a3,ITGA9_ITGB1,Col6a3_ITGA9_ITGB1
Col6a4,ITGA9_ITGB1,Col6a4_ITGA9_ITGB1
Col6a5,ITGA9_ITGB1,Col6a5_ITGA9_ITGB1
Col6a6,ITGA9_ITGB1,Col6a6_ITGA9_ITGB1
Col9a1,ITGA9_ITGB1,Col9a1_ITGA9_ITGB1
Col9a2,ITGA9_ITGB1,Col9a2_ITGA9_ITGB1
Col9a3,ITGA9_ITGB1,Col9a3_ITGA9_ITGB1
Lama1,ITGA9_ITGB1,Lama1_ITGA9_ITGB1
Lama2,ITGA9_ITGB1,Lama2_ITGA9_ITGB1
Lama3,ITGA9_ITGB1,Lama3_ITGA9_ITGB1
Lama4,ITGA9_ITGB1,Lama4_ITGA9_ITGB1
Lama5,ITGA9_ITGB1,Lama5_ITGA9_ITGB1
Lamb1,ITGA9_ITGB1,Lamb1_ITGA9_ITGB1
Lamb2,ITGA9_ITGB1,Lamb2_ITGA9_ITGB1
Lamb3,ITGA9_ITGB1,Lamb3_ITGA9_ITGB1
Lamc1,ITGA9_ITGB1,Lamc1_ITGA9_ITGB1
Lamc2,ITGA9_ITGB1,Lamc2_ITGA9_ITGB1
Lamc3,ITGA9_ITGB1,Lamc3_ITGA9_ITGB1
Col1a1,ITGA10_ITGB1,Col1a1_ITGA10_ITGB1
Col1a2,ITGA10_ITGB1,Col1a2_ITGA10_ITGB1
Col2a1,ITGA10_ITGB1,Col2a1_ITGA10_ITGB1
Col4a1,ITGA10_ITGB1,Col4a1_ITGA10_ITGB1
Col4a2,ITGA10_ITGB1,Col4a2_ITGA10_ITGB1
Col4a3,ITGA10_ITGB1,Col4a3_ITGA10_ITGB1
Col4a4,ITGA10_ITGB1,Col4a4_ITGA10_ITGB1
Col4a5,ITGA10_ITGB1,Col4a5_ITGA10_ITGB1
Col4a6,ITGA10_ITGB1,Col4a6_ITGA10_ITGB1
Col6a1,ITGA10_ITGB1,Col6a1_ITGA10_ITGB1
Col6a2,ITGA10_ITGB1,Col6a2_ITGA10_ITGB1
Col6a3,ITGA10_ITGB1,Col6a3_ITGA10_ITGB1
Col6a4,ITGA10_ITGB1,Col6a4_ITGA10_ITGB1
Col6a5,ITGA10_ITGB1,Col6a5_ITGA10_ITGB1
Col6a6,ITGA10_ITGB1,Col6a6_ITGA10_ITGB1
Col9a1,ITGA10_ITGB1,Col9a1_ITGA10_ITGB1
Col9a2,ITGA10_ITGB1,Col9a2_ITGA10_ITGB1
Col9a3,ITGA10_ITGB1,Col9a3_ITGA10_ITGB1
Col1a1,ITGA11_ITGB1,Col1a1_ITGA11_ITGB1
Col1a2,ITGA11_ITGB1,Col1a2_ITGA11_ITGB1
Col2a1,ITGA11_ITGB1,Col2a1_ITGA11_ITGB1
Col4a1,ITGA11_ITGB1,Col4a1_ITGA11_ITGB1
Col4a2,ITGA11_ITGB1,Col4a2_ITGA11_ITGB1
Col4a3,ITGA11_ITGB1,Col4a3_ITGA11_ITGB1
Col4a4,ITGA11_ITGB1,Col4a4_ITGA11_ITGB1
Col4a5,ITGA11_ITGB1,Col4a5_ITGA11_ITGB1
Col4a6,ITGA11_ITGB1,Col4a6_ITGA11_ITGB1
Col6a1,ITGA11_ITGB1,Col6a1_ITGA11_ITGB1
Col6a2,ITGA11_ITGB1,Col6a2_ITGA11_ITGB1
Col6a3,ITGA11_ITGB1,Col6a3_ITGA11_ITGB1
Col6a4,ITGA11_ITGB1,Col6a4_ITGA11_ITGB1
Col6a5,ITGA11_ITGB1,Col6a5_ITGA11_ITGB1
Col6a6,ITGA11_ITGB1,Col6a6_ITGA11_ITGB1
Col9a1,ITGA11_ITGB1,Col9a1_ITGA11_ITGB1
Col9a2,ITGA11_ITGB1,Col9a2_ITGA11_ITGB1
Col9a3,ITGA11_ITGB1,Col9a3_ITGA11_ITGB1
Fn1,ITGAV_ITGB1,Fn1_ITGAV_ITGB1
Vtn,ITGAV_ITGB1,Vtn_ITGAV_ITGB1
Dspp,ITGAV_ITGB1,Dspp_ITGAV_ITGB1
Fn1,ITGA4_ITGB7,Fn1_ITGA4_ITGB7
Fn1,ITGAV_ITGB3,Fn1_ITGAV_ITGB3
Vtn,ITGAV_ITGB3,Vtn_ITGAV_ITGB3
Vwf,ITGAV_ITGB3,Vwf_ITGAV_ITGB3
Tnc,ITGAV_ITGB3,Tnc_ITGAV_ITGB3
Tnr,ITGAV_ITGB3,Tnr_ITGAV_ITGB3
Tnn,ITGAV_ITGB3,Tnn_ITGAV_ITGB3
Tnxb,ITGAV_ITGB3,Tnxb_ITGAV_ITGB3
Ibsp,ITGAV_ITGB3,Ibsp_ITGAV_ITGB3
Thbs1,ITGAV_ITGB3,Thbs1_ITGAV_ITGB3
Thbs2,ITGAV_ITGB3,Thbs2_ITGAV_ITGB3
Thbs3,ITGAV_ITGB3,Thbs3_ITGAV_ITGB3
Thbs4,ITGAV_ITGB3,Thbs4_ITGAV_ITGB3
Comp,ITGAV_ITGB3,Comp_ITGAV_ITGB3
Dmp1,ITGAV_ITGB3,Dmp1_ITGAV_ITGB3
Fn1,ITGA2B_ITGB3,Fn1_ITGA2B_ITGB3
Vtn,ITGA2B_ITGB3,Vtn_ITGA2B_ITGB3
Vwf,ITGA2B_ITGB3,Vwf_ITGA2B_ITGB3
Tnc,ITGA2B_ITGB3,Tnc_ITGA2B_ITGB3
Tnr,ITGA2B_ITGB3,Tnr_ITGA2B_ITGB3
Tnn,ITGA2B_ITGB3,Tnn_ITGA2B_ITGB3
Tnxb,ITGA2B_ITGB3,Tnxb_ITGA2B_ITGB3
Vtn,ITGAV_ITGB5,Vtn_ITGAV_ITGB5
Ibsp,ITGAV_ITGB5,Ibsp_ITGAV_ITGB5
Tnc,ITGAV_ITGB6,Tnc_ITGAV_ITGB6
Tnr,ITGAV_ITGB6,Tnr_ITGAV_ITGB6
Tnn,ITGAV_ITGB6,Tnn_ITGAV_ITGB6
Tnxb,ITGAV_ITGB6,Tnxb_ITGAV_ITGB6
Fn1,ITGAV_ITGB6,Fn1_ITGAV_ITGB6
Dspp,ITGAV_ITGB6,Dspp_ITGAV_ITGB6
Vtn,ITGAV_ITGB8,Vtn_ITGAV_ITGB8
Fn1,ITGAV_ITGB8,Fn1_ITGAV_ITGB8
Lama1,ITGAV_ITGB8,Lama1_ITGAV_ITGB8
Lama2,ITGAV_ITGB8,Lama2_ITGAV_ITGB8
Lama3,ITGAV_ITGB8,Lama3_ITGAV_ITGB8
Lama4,ITGAV_ITGB8,Lama4_ITGAV_ITGB8
Lama5,ITGAV_ITGB8,Lama5_ITGAV_ITGB8
Lamb1,ITGAV_ITGB8,Lamb1_ITGAV_ITGB8
Lamb2,ITGAV_ITGB8,Lamb2_ITGAV_ITGB8
Lamb3,ITGAV_ITGB8,Lamb3_ITGAV_ITGB8
Lamc1,ITGAV_ITGB8,Lamc1_ITGAV_ITGB8
Lamc2,ITGAV_ITGB8,Lamc2_ITGAV_ITGB8
Lamc3,ITGAV_ITGB8,Lamc3_ITGAV_ITGB8
Col1a1,ITGAV_ITGB8,Col1a1_ITGAV_ITGB8
Col1a2,ITGAV_ITGB8,Col1a2_ITGAV_ITGB8
Col2a1,ITGAV_ITGB8,Col2a1_ITGAV_ITGB8
Col4a1,ITGAV_ITGB8,Col4a1_ITGAV_ITGB8
Col4a2,ITGAV_ITGB8,Col4a2_ITGAV_ITGB8
Col4a3,ITGAV_ITGB8,Col4a3_ITGAV_ITGB8
Col4a4,ITGAV_ITGB8,Col4a4_ITGAV_ITGB8
Col4a5,ITGAV_ITGB8,Col4a5_ITGAV_ITGB8
Col4a6,ITGAV_ITGB8,Col4a6_ITGAV_ITGB8
Col6a1,ITGAV_ITGB8,Col6a1_ITGAV_ITGB8
Col6a2,ITGAV_ITGB8,Col6a2_ITGAV_ITGB8
Col6a3,ITGAV_ITGB8,Col6a3_ITGAV_ITGB8
Col6a4,ITGAV_ITGB8,Col6a4_ITGAV_ITGB8
Col6a5,ITGAV_ITGB8,Col6a5_ITGAV_ITGB8
Col6a6,ITGAV_ITGB8,Col6a6_ITGAV_ITGB8
Col9a1,ITGAV_ITGB8,Col9a1_ITGAV_ITGB8
Col9a2,ITGAV_ITGB8,Col9a2_ITGAV_ITGB8
Col9a3,ITGAV_ITGB8,Col9a3_ITGAV_ITGB8
Lama1,ITGA6_ITGB4,Lama1_ITGA6_ITGB4
Lama2,ITGA6_ITGB4,Lama2_ITGA6_ITGB4
Lama3,ITGA6_ITGB4,Lama3_ITGA6_ITGB4
Lama4,ITGA6_ITGB4,Lama4_ITGA6_ITGB4
Lama5,ITGA6_ITGB4,Lama5_ITGA6_ITGB4
Lamb1,ITGA6_ITGB4,Lamb1_ITGA6_ITGB4
Lamb2,ITGA6_ITGB4,Lamb2_ITGA6_ITGB4
Lamb3,ITGA6_ITGB4,Lamb3_ITGA6_ITGB4
Lamc1,ITGA6_ITGB4,Lamc1_ITGA6_ITGB4
Lamc2,ITGA6_ITGB4,Lamc2_ITGA6_ITGB4
Lamc3,ITGA6_ITGB4,Lamc3_ITGA6_ITGB4
Fn1,Cd44,Fn1_Cd44
Col1a1,Cd44,Col1a1_Cd44
Col1a2,Cd44,Col1a2_Cd44
Col2a1,Cd44,Col2a1_Cd44
Col4a1,Cd44,Col4a1_Cd44
Col4a2,Cd44,Col4a2_Cd44
Col4a3,Cd44,Col4a3_Cd44
Col4a4,Cd44,Col4a4_Cd44
Col4a5,Cd44,Col4a5_Cd44
Col4a6,Cd44,Col4a6_Cd44
Col6a1,Cd44,Col6a1_Cd44
Col6a2,Cd44,Col6a2_Cd44
Col6a3,Cd44,Col6a3_Cd44
Col6a4,Cd44,Col6a4_Cd44
Col6a5,Cd44,Col6a5_Cd44
Col6a6,Cd44,Col6a6_Cd44
Col9a1,Cd44,Col9a1_Cd44
Col9a2,Cd44,Col9a2_Cd44
Col9a3,Cd44,Col9a3_Cd44
Lama1,Cd44,Lama1_Cd44
Lama2,Cd44,Lama2_Cd44
Lama3,Cd44,Lama3_Cd44
Lama4,Cd44,Lama4_Cd44
Lama5,Cd44,Lama5_Cd44
Lamb1,Cd44,Lamb1_Cd44
Lamb2,Cd44,Lamb2_Cd44
Lamb3,Cd44,Lamb3_Cd44
Lamc1,Cd44,Lamc1_Cd44
Lamc2,Cd44,Lamc2_Cd44
Lamc3,Cd44,Lamc3_Cd44
Col1a1,Sdc1,Col1a1_Sdc1
Col1a2,Sdc1,Col1a2_Sdc1
Col2a1,Sdc1,Col2a1_Sdc1
Col4a1,Sdc1,Col4a1_Sdc1
Col4a2,Sdc1,Col4a2_Sdc1
Col4a3,Sdc1,Col4a3_Sdc1
Col4a4,Sdc1,Col4a4_Sdc1
Col4a5,Sdc1,Col4a5_Sdc1
Col4a6,Sdc1,Col4a6_Sdc1
Col6a1,Sdc1,Col6a1_Sdc1
Col6a2,Sdc1,Col6a2_Sdc1
Col6a3,Sdc1,Col6a3_Sdc1
Col6a4,Sdc1,Col6a4_Sdc1
Col6a5,Sdc1,Col6a5_Sdc1
Col6a6,Sdc1,Col6a6_Sdc1
Col9a1,Sdc1,Col9a1_Sdc1
Col9a2,Sdc1,Col9a2_Sdc1
Col9a3,Sdc1,Col9a3_Sdc1
Fn1,Sdc1,Fn1_Sdc1
Tnc,Sdc1,Tnc_Sdc1
Tnr,Sdc1,Tnr_Sdc1
Tnn,Sdc1,Tnn_Sdc1
Tnxb,Sdc1,Tnxb_Sdc1
Thbs1,Sdc1,Thbs1_Sdc1
Thbs2,Sdc1,Thbs2_Sdc1
Thbs3,Sdc1,Thbs3_Sdc1
Thbs4,Sdc1,Thbs4_Sdc1
Comp,Sdc1,Comp_Sdc1
Col1a1,Sdc4,Col1a1_Sdc4
Col1a2,Sdc4,Col1a2_Sdc4
Col2a1,Sdc4,Col2a1_Sdc4
Col4a1,Sdc4,Col4a1_Sdc4
Col4a2,Sdc4,Col4a2_Sdc4
Col4a3,Sdc4,Col4a3_Sdc4
Col4a4,Sdc4,Col4a4_Sdc4
Col4a5,Sdc4,Col4a5_Sdc4
Col4a6,Sdc4,Col4a6_Sdc4
Col6a1,Sdc4,Col6a1_Sdc4
Col6a2,Sdc4,Col6a2_Sdc4
Col6a3,Sdc4,Col6a3_Sdc4
Col6a4,Sdc4,Col6a4_Sdc4
Col6a5,Sdc4,Col6a5_Sdc4
Col6a6,Sdc4,Col6a6_Sdc4
Col9a1,Sdc4,Col9a1_Sdc4
Col9a2,Sdc4,Col9a2_Sdc4
Col9a3,Sdc4,Col9a3_Sdc4
Fn1,Sdc4,Fn1_Sdc4
Tnc,Sdc4,Tnc_Sdc4
Tnr,Sdc4,Tnr_Sdc4
Tnn,Sdc4,Tnn_Sdc4
Tnxb,Sdc4,Tnxb_Sdc4
Thbs1,Sdc4,Thbs1_Sdc4
Thbs2,Sdc4,Thbs2_Sdc4
Thbs3,Sdc4,Thbs3_Sdc4
Thbs4,Sdc4,Thbs4_Sdc4
Comp,Sdc4,Comp_Sdc4
Lama1,Sv2a,Lama1_Sv2a
Lama2,Sv2a,Lama2_Sv2a
Lama3,Sv2a,Lama3_Sv2a
Lama4,Sv2a,Lama4_Sv2a
Lama5,Sv2a,Lama5_Sv2a
Lamb1,Sv2a,Lamb1_Sv2a
Lamb2,Sv2a,Lamb2_Sv2a
Lamb3,Sv2a,Lamb3_Sv2a
Lamc1,Sv2a,Lamc1_Sv2a
Lamc2,Sv2a,Lamc2_Sv2a
Lamc3,Sv2a,Lamc3_Sv2a
Lama1,Sv2b,Lama1_Sv2b
Lama2,Sv2b,Lama2_Sv2b
Lama3,Sv2b,Lama3_Sv2b
Lama4,Sv2b,Lama4_Sv2b
Lama5,Sv2b,Lama5_Sv2b
Lamb1,Sv2b,Lamb1_Sv2b
Lamb2,Sv2b,Lamb2_Sv2b
Lamb3,Sv2b,Lamb3_Sv2b
Lamc1,Sv2b,Lamc1_Sv2b
Lamc2,Sv2b,Lamc2_Sv2b
Lamc3,Sv2b,Lamc3_Sv2b
Lama1,Sv2c,Lama1_Sv2c
Lama2,Sv2c,Lama2_Sv2c
Lama3,Sv2c,Lama3_Sv2c
Lama4,Sv2c,Lama4_Sv2c
Lama5,Sv2c,Lama5_Sv2c
Lamb1,Sv2c,Lamb1_Sv2c
Lamb2,Sv2c,Lamb2_Sv2c
Lamb3,Sv2c,Lamb3_Sv2c
Lamc1,Sv2c,Lamc1_Sv2c
Lamc2,Sv2c,Lamc2_Sv2c
Lamc3,Sv2c,Lamc3_Sv2c
Thbs1,Cd36,Thbs1_Cd36
Thbs2,Cd36,Thbs2_Cd36
Thbs3,Cd36,Thbs3_Cd36
Thbs4,Cd36,Thbs4_Cd36
Comp,Cd36,Comp_Cd36
Vwf,GP complex,Vwf_GP complex
Col1a1,Gp6,Col1a1_Gp6
Col1a2,Gp6,Col1a2_Gp6
Col2a1,Gp6,Col2a1_Gp6
Col4a1,Gp6,Col4a1_Gp6
Col4a2,Gp6,Col4a2_Gp6
Col4a3,Gp6,Col4a3_Gp6
Col4a4,Gp6,Col4a4_Gp6
Col4a5,Gp6,Col4a5_Gp6
Col4a6,Gp6,Col4a6_Gp6
Col6a1,Gp6,Col6a1_Gp6
Col6a2,Gp6,Col6a2_Gp6
Col6a3,Gp6,Col6a3_Gp6
Col6a4,Gp6,Col6a4_Gp6
Col6a5,Gp6,Col6a5_Gp6
Col6a6,Gp6,Col6a6_Gp6
Col9a1,Gp6,Col9a1_Gp6
Col9a2,Gp6,Col9a2_Gp6
Col9a3,Gp6,Col9a3_Gp6
Thbs1,Cd47,Thbs1_Cd47
Thbs2,Cd47,Thbs2_Cd47
Thbs3,Cd47,Thbs3_Cd47
Thbs4,Cd47,Thbs4_Cd47
Comp,Cd47,Comp_Cd47
Agrn,Dag1,Agrn_Dag1
Hspg2,Dag1,Hspg2_Dag1
Lama1,Dag1,Lama1_Dag1
Lama2,Dag1,Lama2_Dag1
Lama3,Dag1,Lama3_Dag1
Lama4,Dag1,Lama4_Dag1
Lama5,Dag1,Lama5_Dag1
Lamb1,Dag1,Lamb1_Dag1
Lamb2,Dag1,Lamb2_Dag1
Lamb3,Dag1,Lamb3_Dag1
Lamc1,Dag1,Lamc1_Dag1
Lamc2,Dag1,Lamc2_Dag1
Lamc3,Dag1,Lamc3_Dag1
Adgre5,Cd55b,Adgre5_Cd55b
Alcam,Cd6,Alcam_Cd6
Anxa1,FPR2_LXA4,Anxa1_FPR2_LXA4
App,Cd74,App_Cd74
Bst2,Pira2,Bst2_Pira2
Cadm1,Cadm1,Cadm1_Cadm1
Cadm3,Cadm3,Cadm3_Cadm3
Cd1d2,Pira2,Cd1d2_Pira2
Cd200,Cd200r1,Cd200_Cd200r1
Cd200,Cd200r2,Cd200_Cd200r2
Cd200,Cd200r3,Cd200_Cd200r3
Cd200,Cd200r4,Cd200_Cd200r4
Cd22,Ptprc,Cd22_Ptprc
Cd226,Nectin2,Cd226_Nectin2
Cd226,Pvr,Cd226_Pvr
Fcer2a,ITGAM_ITGB2,Fcer2a_ITGAM_ITGB2
Fcer2a,ITGAX_ITGB2,Fcer2a_ITGAX_ITGB2
Fcer2a,ITGAV_ITGB3,Fcer2a_ITGAV_ITGB3
Fcer2a,Cr2,Fcer2a_Cr2
Cd34,Selp,Cd34_Selp
Entpd1,Adora1,Entpd1_Adora1
Entpd1,Adora2a,Entpd1_Adora2a
Entpd1,Adora2b,Entpd1_Adora2b
Entpd1,Tmigd3,Entpd1_Tmigd3
Cd40lg,Cd40,Cd40lg_Cd40
Ptprc,Cd22,Ptprc_Cd22
Ptprc,Mrc1,Ptprc_Mrc1
Cd46,Jag1,Cd46_Jag1
Cd48,Cd244a,Cd48_Cd244a
Cd52,Siglecg,Cd52_Siglecg
Cd6,Alcam,Cd6_Alcam
Cd80,Cd274,Cd80_Cd274
Cd80,Cd28,Cd80_Cd28
Cd80,Ctla4,Cd80_Ctla4
Cd86,Cd28,Cd86_Cd28
Cd86,Ctla4,Cd86_Ctla4
Cd96,Nectin1,Cd96_Nectin1
Cd96,Pvr,Cd96_Pvr
Cd99,Pilra,Cd99_Pilra
Cd99,Cd99,Cd99_Cd99
Cdh15,Cdh15,Cdh15_Cdh15
Cdh4,Cdh4,Cdh4_Cdh4
Cdh2,Cdh2,Cdh2_Cdh2
Cdh1,Cdh1,Cdh1_Cdh1
Cdh1,ITGA2_ITGB1,Cdh1_ITGA2_ITGB1
Cdh1,ITGAE_ITGB7,Cdh1_ITGAE_ITGB7
Cdh1,Klrg1,Cdh1_Klrg1
Cdh5,Cdh5,Cdh5_Cdh5
Cd1d1,Ceacam5,Cd1d1_Ceacam5
Cd209a,Ceacam1,Cd209a_Ceacam1
Cd8a,Ceacam5,Cd8a_Ceacam5
Ceacam1,Ceacam5,Ceacam1_Ceacam5
Sele,Ceacam1,Sele_Ceacam1
Cldn11,Cldn11,Cldn11_Cldn11
Clec2d,Klrb1b,Clec2d_Klrb1b
Clec2g,Klrb1,Clec2g_Klrb1
Clec2h,Klrb1,Clec2h_Klrb1
Clec2i,Klrb1,Clec2i_Klrb1
Clec2f,Klrb1f,Clec2f_Klrb1f
Clec2g,Klrb1f,Clec2g_Klrb1f
Clec2i,Klrb1f,Clec2i_Klrb1f
Nfasc,CNTN1_CNTNAP1,Nfasc_CNTN1_CNTNAP1
Cntn2,CNTN2_CNTNAP2,Cntn2_CNTN2_CNTNAP2
Cntn2,L1cam,Cntn2_L1cam
Cntn2,Cntn2,Cntn2_Cntn2
Cntn1,Nrcam,Cntn1_Nrcam
Cspg4,ITGA3_ITGB1,Cspg4_ITGA3_ITGB1
Dsc1,Dsg1c,Dsc1_Dsg1c
Dsc1,Dsg2,Dsc1_Dsg2
Dsc2,Dsg1c,Dsc2_Dsg1c
Dsc2,Dsg2,Dsc2_Dsg2
Dsg1c,Dsc3,Dsg1c_Dsc3
Dsg2,Dsc3,Dsg2_Dsc3
Epgn,Egfr,Epgn_Egfr
Efna1,Epha1,Efna1_Epha1
Efna1,Epha2,Efna1_Epha2
Efna1,Epha3,Efna1_Epha3
Efna1,Epha4,Efna1_Epha4
Efna1,Epha5,Efna1_Epha5
Efna1,Epha7,Efna1_Epha7
Efna1,Epha8,Efna1_Epha8
Efna2,Epha1,Efna2_Epha1
Efna2,Epha2,Efna2_Epha2
Efna2,Epha3,Efna2_Epha3
Efna2,Epha4,Efna2_Epha4
Efna2,Epha5,Efna2_Epha5
Efna2,Epha7,Efna2_Epha7
Efna2,Epha8,Efna2_Epha8
Efna3,Epha1,Efna3_Epha1
Efna3,Epha2,Efna3_Epha2
Efna3,Epha3,Efna3_Epha3
Efna3,Epha4,Efna3_Epha4
Efna3,Epha5,Efna3_Epha5
Efna3,Epha7,Efna3_Epha7
Efna3,Epha8,Efna3_Epha8
Efna4,Epha1,Efna4_Epha1
Efna4,Epha2,Efna4_Epha2
Efna4,Epha3,Efna4_Epha3
Efna4,Epha4,Efna4_Epha4
Efna4,Epha5,Efna4_Epha5
Efna4,Epha7,Efna4_Epha7
Efna4,Epha8,Efna4_Epha8
Efna5,Epha1,Efna5_Epha1
Efna5,Epha2,Efna5_Epha2
Efna5,Epha3,Efna5_Epha3
Efna5,Epha4,Efna5_Epha4
Efna5,Epha5,Efna5_Epha5
Efna5,Epha7,Efna5_Epha7
Efna5,Epha8,Efna5_Epha8
Efna5,Ephb2,Efna5_Ephb2
Efnb1,Epha4,Efnb1_Epha4
Efnb1,Ephb1,Efnb1_Ephb1
Efnb1,Ephb2,Efnb1_Ephb2
Efnb1,Ephb3,Efnb1_Ephb3
Efnb1,Ephb4,Efnb1_Ephb4
Efnb2,Epha4,Efnb2_Epha4
Efnb2,Ephb1,Efnb2_Ephb1
Efnb2,Ephb2,Efnb2_Ephb2
Efnb2,Ephb3,Efnb2_Ephb3
Efnb2,Ephb4,Efnb2_Ephb4
Efnb3,Epha4,Efnb3_Epha4
Efnb3,Ephb1,Efnb3_Ephb1
Efnb3,Ephb2,Efnb3_Ephb2
Efnb3,Ephb3,Efnb3_Ephb3
Efnb3,Ephb4,Efnb3_Ephb4
Efnb3,Ephb6,Efnb3_Ephb6
Esam,Esam,Esam_Esam
Gp1ba,ITGAM_ITGB2,Gp1ba_ITGAM_ITGB2
Icam1,ITGAX_ITGB2,Icam1_ITGAX_ITGB2
Icam1,ITGAL_ITGB2,Icam1_ITGAL_ITGB2
Icam2,ITGAL_ITGB2,Icam2_ITGAL_ITGB2
Icam1,ITGAM_ITGB2,Icam1_ITGAM_ITGB2
Icam2,ITGAM_ITGB2,Icam2_ITGAM_ITGB2
Icam1,ITGAL_ITGB2L,Icam1_ITGAL_ITGB2L
Icam2,ITGAL_ITGB2L,Icam2_ITGAL_ITGB2L
Icam1,ITGAM_ITGB2L,Icam1_ITGAM_ITGB2L
Icam2,ITGAM_ITGB2L,Icam2_ITGAM_ITGB2L
Icam1,Itgal,Icam1_Itgal
Icam1,Spn,Icam1_Spn
Icam5,Cd209a,Icam5_Cd209a
Icam5,Cd209f,Icam5_Cd209f
Icosl,Icos,Icosl_Icos
Icosl,Cd28,Icosl_Cd28
Icosl,Ctla4,Icosl_Ctla4
ITGAL_ITGB2,Cd226,ITGAL_ITGB2_Cd226
ITGAL_ITGB2,Icam1,ITGAL_ITGB2_Icam1
ITGAL_ITGB2,Icam2,ITGAL_ITGB2_Icam2
ITGAL_ITGB2L,Cd226,ITGAL_ITGB2L_Cd226
ITGAL_ITGB2L,Icam1,ITGAL_ITGB2L_Icam1
ITGAL_ITGB2L,Icam2,ITGAL_ITGB2L_Icam2
Jam2,ITGA3_ITGB1,Jam2_ITGA3_ITGB1
Jam2,ITGAV_ITGB1,Jam2_ITGAV_ITGB1
Jam3,ITGAM_ITGB2,Jam3_ITGAM_ITGB2
F11r,ITGAL_ITGB2,F11r_ITGAL_ITGB2
Jam3,ITGAM_ITGB2L,Jam3_ITGAM_ITGB2L
Jam2,Jam3,Jam2_Jam3
F11r,F11r,F11r_F11r
F11r,Jam2,F11r_Jam2
F11r,Jam3,F11r_Jam3
Jam2,F11r,Jam2_F11r
Jam2,Jam2,Jam2_Jam2
Jam3,F11r,Jam3_F11r
Jam3,Jam2,Jam3_Jam2
Jam3,Jam3,Jam3_Jam3
L1cam,ITGAV_ITGB3,L1cam_ITGAV_ITGB3
L1cam,ITGA4_ITGB7,L1cam_ITGA4_ITGB7
L1cam,L1cam,L1cam_L1cam
Lair1,Pira2,Lair1_Pira2
Lck,CD8 receptor,Lck_CD8 receptor
Madcam1,ITGA4_ITGB7,Madcam1_ITGA4_ITGB7
Mag,Mag,Mag_Mag
H2-T23,KLRD1_KLRC1,H2-T23_KLRD1_KLRC1
H2-T23,KLRD1_KLRC2,H2-T23_KLRD1_KLRC2
H2-M2,Cd8a,H2-M2_Cd8a
H2-M3,Cd8a,H2-M3_Cd8a
H2-M9,Cd8a,H2-M9_Cd8a
H2-Q1,Cd8a,H2-Q1_Cd8a
H2-Q10,Cd8a,H2-Q10_Cd8a
H2-Q2,Cd8a,H2-Q2_Cd8a
H2-Q7,Cd8a,H2-Q7_Cd8a
H2-Q8,Cd8a,H2-Q8_Cd8a
H2-T22,Cd8a,H2-T22_Cd8a
H2-T23,Cd8a,H2-T23_Cd8a
H2-T24,Cd8a,H2-T24_Cd8a
H2-T3,Cd8a,H2-T3_Cd8a
H2-T9,Cd8a,H2-T9_Cd8a
H2-M10.4,Cd8a,H2-M10.4_Cd8a
H2-M11,Cd8a,H2-M11_Cd8a
H2-M1,Cd8a,H2-M1_Cd8a
H2-M10.5,Cd8a,H2-M10.5_Cd8a
H2-M10.2,Cd8a,H2-M10.2_Cd8a
H2-M10.6,Cd8a,H2-M10.6_Cd8a
H2-T10,Cd8a,H2-T10_Cd8a
H2-Q6,Cd8a,H2-Q6_Cd8a
H2-M10.3,Cd8a,H2-M10.3_Cd8a
H2-Bl,Cd8a,H2-Bl_Cd8a
H2-D1,Cd8a,H2-D1_Cd8a
H2-K1,Cd8a,H2-K1_Cd8a
H2-M10.1,Cd8a,H2-M10.1_Cd8a
H2-T18,Cd8a,H2-T18_Cd8a
H2-Q9,Cd8a,H2-Q9_Cd8a
Gm8909,Cd8a,Gm8909_Cd8a
H2-L,Cd8a,H2-L_Cd8a
Gm10499,Cd8a,Gm10499_Cd8a
H2-Q4,Cd8a,H2-Q4_Cd8a
H2-T-ps,Cd8a,H2-T-ps_Cd8a
Gm11127,Cd8a,Gm11127_Cd8a
H2-M5,Cd8a,H2-M5_Cd8a
Gm7030,Cd8a,Gm7030_Cd8a
H2-M2,Cd8b1,H2-M2_Cd8b1
H2-M3,Cd8b1,H2-M3_Cd8b1
H2-M9,Cd8b1,H2-M9_Cd8b1
H2-Q1,Cd8b1,H2-Q1_Cd8b1
H2-Q10,Cd8b1,H2-Q10_Cd8b1
H2-Q2,Cd8b1,H2-Q2_Cd8b1
H2-Q7,Cd8b1,H2-Q7_Cd8b1
H2-Q8,Cd8b1,H2-Q8_Cd8b1
H2-T22,Cd8b1,H2-T22_Cd8b1
H2-T23,Cd8b1,H2-T23_Cd8b1
H2-T24,Cd8b1,H2-T24_Cd8b1
H2-T3,Cd8b1,H2-T3_Cd8b1
H2-T9,Cd8b1,H2-T9_Cd8b1
H2-M10.4,Cd8b1,H2-M10.4_Cd8b1
H2-M11,Cd8b1,H2-M11_Cd8b1
H2-M1,Cd8b1,H2-M1_Cd8b1
H2-M10.5,Cd8b1,H2-M10.5_Cd8b1
H2-M10.2,Cd8b1,H2-M10.2_Cd8b1
H2-M10.6,Cd8b1,H2-M10.6_Cd8b1
H2-T10,Cd8b1,H2-T10_Cd8b1
H2-Q6,Cd8b1,H2-Q6_Cd8b1
H2-M10.3,Cd8b1,H2-M10.3_Cd8b1
H2-Bl,Cd8b1,H2-Bl_Cd8b1
H2-D1,Cd8b1,H2-D1_Cd8b1
H2-K1,Cd8b1,H2-K1_Cd8b1
H2-M10.1,Cd8b1,H2-M10.1_Cd8b1
H2-T18,Cd8b1,H2-T18_Cd8b1
H2-Q9,Cd8b1,H2-Q9_Cd8b1
Gm8909,Cd8b1,Gm8909_Cd8b1
H2-L,Cd8b1,H2-L_Cd8b1
Gm10499,Cd8b1,Gm10499_Cd8b1
H2-Q4,Cd8b1,H2-Q4_Cd8b1
H2-T-ps,Cd8b1,H2-T-ps_Cd8b1
Gm11127,Cd8b1,Gm11127_Cd8b1
H2-M5,Cd8b1,H2-M5_Cd8b1
Gm7030,Cd8b1,Gm7030_Cd8b1
H2-BI,Kir3dl1,H2-BI_Kir3dl1
H2-D1,Kir3dl1,H2-D1_Kir3dl1
H2-K1,Kir3dl1,H2-K1_Kir3dl1
H2-Q1,Kir3dl1,H2-Q1_Kir3dl1
H2-Q10,Kir3dl1,H2-Q10_Kir3dl1
H2-Q2,Kir3dl1,H2-Q2_Kir3dl1
H2-Q4,Kir3dl1,H2-Q4_Kir3dl1
H2-Q6,Kir3dl1,H2-Q6_Kir3dl1
H2-Q7,Kir3dl1,H2-Q7_Kir3dl1
H2-D,Klra,H2-D_Klra
H2-K1,Klra,H2-K1_Klra
Ulbp1,Klrk1,Ulbp1_Klrk1
Raet1a,Klrk1,Raet1a_Klrk1
H60a,Klrk1,H60a_Klrk1
H2-Ea-ps,Cd4,H2-Ea-ps_Cd4
H2-Aa,Cd4,H2-Aa_Cd4
H2-Ab1,Cd4,H2-Ab1_Cd4
H2-Eb1,Cd4,H2-Eb1_Cd4
H2-DMa,Cd4,H2-DMa_Cd4
H2-DMb1,Cd4,H2-DMb1_Cd4
H2-DMb2,Cd4,H2-DMb2_Cd4
H2-Oa,Cd4,H2-Oa_Cd4
H2-Ob,Cd4,H2-Ob_Cd4
Mpz,Mpzl1,Mpz_Mpzl1
Mpz,Mpz,Mpz_Mpz
Mpzl1,Mpzl1,Mpzl1_Mpzl1
Ncam1,Fgfr1,Ncam1_Fgfr1
Ncam1,Ncam1,Ncam1_Ncam1
Ncam1,Ncam2,Ncam1_Ncam2
Ncam1,L1cam,Ncam1_L1cam
Ncam2,L1cam,Ncam2_L1cam
Nectin1,Cadm3,Nectin1_Cadm3
Nectin1,Cd96,Nectin1_Cd96
Nectin1,Nectin4,Nectin1_Nectin4
Nectin3,Nectin1,Nectin3_Nectin1
Nectin3,Nectin2,Nectin3_Nectin2
Nectin3,Pvr,Nectin3_Pvr
Nectin3,Tigit,Nectin3_Tigit
Nectin2,Cd226,Nectin2_Cd226
Nectin2,Tigit,Nectin2_Tigit
Nectin1,Nectin3,Nectin1_Nectin3
Negr1,Negr1,Negr1_Negr1
Lrrc4c,Ntng1,Lrrc4c_Ntng1
Lrrc4,Ntng2,Lrrc4_Ntng2
Lrrc4b,Ptprf,Lrrc4b_Ptprf
Ulbp1,KLRK1_HCST,Ulbp1_KLRK1_HCST
Dlk1,Notch1,Dlk1_Notch1
Dlk1,Notch2,Dlk1_Notch2
Dlk1,Notch3,Dlk1_Notch3
Dlk1,Notch4,Dlk1_Notch4
Dll1,Notch1,Dll1_Notch1
Dll1,Notch3,Dll1_Notch3
Dll1,Notch4,Dll1_Notch4
Dll3,Notch1,Dll3_Notch1
Dll3,Notch2,Dll3_Notch2
Dll3,Notch3,Dll3_Notch3
Dll3,Notch4,Dll3_Notch4
Dll4,Notch1,Dll4_Notch1
Dll4,Notch2,Dll4_Notch2
Dll4,Notch3,Dll4_Notch3
Dll4,Notch4,Dll4_Notch4
Jag1,Notch1,Jag1_Notch1
Jag1,Notch2,Jag1_Notch2
Jag1,Notch3,Jag1_Notch3
Jag1,Notch4,Jag1_Notch4
Jag2,Notch1,Jag2_Notch1
Jag2,Notch2,Jag2_Notch2
Jag2,Notch3,Jag2_Notch3
Jag2,Notch4,Jag2_Notch4
Dll1,Notch2,Dll1_Notch2
Nrxn1,Nlgn1,Nrxn1_Nlgn1
Nrxn1,Nlgn2,Nrxn1_Nlgn2
Nrxn1,Nlgn3,Nrxn1_Nlgn3
Nrxn2,Nlgn1,Nrxn2_Nlgn1
Nrxn2,Nlgn2,Nrxn2_Nlgn2
Nrxn2,Nlgn3,Nrxn2_Nlgn3
Nrxn3,Nlgn1,Nrxn3_Nlgn1
Nrxn3,Nlgn2,Nrxn3_Nlgn2
Nrxn3,Nlgn3,Nrxn3_Nlgn3
Ocln,Ocln,Ocln_Ocln
Cd274,Pdcd1,Cd274_Pdcd1
Pdcd1lg2,Pdcd1,Pdcd1lg2_Pdcd1
Pecam1,Pecam1,Pecam1_Pecam1
Ptprm,Ptprm,Ptprm_Ptprm
Pvr,Cd226,Pvr_Cd226
Pvr,Tigit,Pvr_Tigit
Sele,Cd44,Sele_Cd44
Sele,Glg1,Sele_Glg1
Sell,Cd34,Sell_Cd34
Sell,Podxl,Sell_Podxl
Sell,Glycam1,Sell_Glycam1
Sell,Madcam1,Sell_Madcam1
Selplg,Sele,Selplg_Sele
Selplg,Sell,Selplg_Sell
Selplg,Selp,Selplg_Selp
Sema4a,NRP1_PLXNA1,Sema4a_NRP1_PLXNA1
Sema4a,NRP1_PLXNA2,Sema4a_NRP1_PLXNA2
Sema4a,NRP1_PLXNA3,Sema4a_NRP1_PLXNA3
Sema4a,NRP1_PLXNA4,Sema4a_NRP1_PLXNA4
Sema4a,Plxnb1,Sema4a_Plxnb1
Sema4a,Plxnb2,Sema4a_Plxnb2
Sema4a,Plxnb3,Sema4a_Plxnb3
Sema4d,Plxnb1,Sema4d_Plxnb1
Sema4d,Plxnb2,Sema4d_Plxnb2
Sema4d,Plxnb3,Sema4d_Plxnb3
Sema4c,Plxnb2,Sema4c_Plxnb2
Sema4g,Plxnb2,Sema4g_Plxnb2
Sema4a,Timd2,Sema4a_Timd2
Sema4d,Cd72,Sema4d_Cd72
Sema5a,Plxna1,Sema5a_Plxna1
Sema5b,Plxna1,Sema5b_Plxna1
Sema5a,Plxna3,Sema5a_Plxna3
Sema5b,Plxna3,Sema5b_Plxna3
Sema5a,Plxnb3,Sema5a_Plxnb3
Sema6d,PLXNA1_KDR,Sema6d_PLXNA1_KDR
Sema6d,PLXNA1_TREM2,Sema6d_PLXNA1_TREM2
Sema6d,Plxna1,Sema6d_Plxna1
Sema6a,Plxna2,Sema6a_Plxna2
Sema6b,Plxna2,Sema6b_Plxna2
Sema6a,Plxna4,Sema6a_Plxna4
Sema6b,Plxna4,Sema6b_Plxna4
Sema7a,ITGB1_ITGA1,Sema7a_ITGB1_ITGA1
Sema7a,Plxnc1,Sema7a_Plxnc1
Siglec1,Spn,Siglec1_Spn
Thy1,ITGAM_ITGB2,Thy1_ITGAM_ITGB2
Thy1,ITGAX_ITGB2,Thy1_ITGAX_ITGB2
Thy1,ITGAV_ITGB3,Thy1_ITGAV_ITGB3
Tigit,Nectin2,Tigit_Nectin2
Tigit,Pvr,Tigit_Pvr
ITGA4_ITGB1,Vcam1,ITGA4_ITGB1_Vcam1
ITGA9_ITGB1,Vcam1,ITGA9_ITGB1_Vcam1
ITGA4_ITGB7,Vcam1,ITGA4_ITGB7_Vcam1
Vsir,Igsf11,Vsir_Igsf11
